2024-06-27 20:12:32,801 [INFO] Activator:176 - 


2024-06-27 20:12:32,803 [INFO] Activator:177 - !SESSION log4j initialized
2024-06-27 20:12:35,004 [INFO] LogOutputStream:77 - [STDOUT_REDIRECT] 
2024-06-27 20:12:35,745 [INFO] McuFinderGlobals:63 - Set McuFinder mode to 2 (CubeIDE integrated)
2024-06-27 20:12:36,326 [INFO] ApplicationProperties:184 - Using Application install path: C:\ST\STM32CubeIDE_1.15.1\STM32CubeIDE\plugins\com.st.stm32cube.common.mx_6.11.1.202404110753
2024-06-27 20:12:36,344 [INFO] DbMcusXml:78 - Set database path to: C:\ST\STM32CubeIDE_1.15.1\STM32CubeIDE\plugins\com.st.stm32cube.common.mx_6.11.1.202404110753\\db\/mcu/
2024-06-27 20:12:36,344 [INFO] ApiDb:274 - Set plugin database path to: C:\ST\STM32CubeIDE_1.15.1\STM32CubeIDE\plugins\com.st.stm32cube.common.mx_6.11.1.202404110753\\db\/plugins/boardmanager/
2024-06-27 20:12:36,346 [WARN] ApiDb:259 - Overriding images path with different value:  => C:\ST\STM32CubeIDE_1.15.1\STM32CubeIDE\plugins\com.st.stm32cube.common.mx_6.11.1.202404110753\\db\/plugins/mcufinder/images/
2024-06-27 20:12:36,352 [INFO] ApiDb:250 - Set database path to: C:\Users\vishn\.stmcufinder\plugins\mcufinder//mcu/
2024-06-27 20:12:36,353 [INFO] DbMcusAds:125 - Set database path to: C:\Users\vishn\.stmcufinder\plugins\mcufinder//mcu/
2024-06-27 20:12:36,355 [INFO] CrossReferenceDbSqlite:203 - Set database path to: C:\Users\vishn\.stmcufinder\plugins\mcufinder//mcu/cs/
2024-06-27 20:12:36,449 [INFO] RulesReader:64 - Compatibility file has been processed (297 Rules)
2024-06-27 20:12:36,525 [INFO] DbMcusXml:78 - Set database path to: C:\ST\STM32CubeIDE_1.15.1\STM32CubeIDE\plugins\com.st.stm32cube.common.mx_6.11.1.202404110753\\db\/mcu/
2024-06-27 20:12:36,525 [INFO] ApiDb:274 - Set plugin database path to: C:\ST\STM32CubeIDE_1.15.1\STM32CubeIDE\plugins\com.st.stm32cube.common.mx_6.11.1.202404110753\\db\/plugins/boardmanager/
2024-06-27 20:12:36,525 [INFO] ApiDb:261 - Set plugin images path to: C:\ST\STM32CubeIDE_1.15.1\STM32CubeIDE\plugins\com.st.stm32cube.common.mx_6.11.1.202404110753\\db\/plugins/mcufinder/images/
2024-06-27 20:12:36,525 [WARN] DbFile:41 - Overriding database path with different value: C:\Users\vishn\.stmcufinder\plugins\mcufinder/ => C:\Users\vishn\.stmcufinder\plugins\mcufinder
2024-06-27 20:12:36,525 [INFO] ApiDb:250 - Set database path to: C:\Users\vishn\.stmcufinder\plugins\mcufinder//mcu/
2024-06-27 20:12:36,525 [WARN] DbFile:41 - Overriding database path with different value: C:\Users\vishn\.stmcufinder\plugins\mcufinder/ => C:\Users\vishn\.stmcufinder\plugins\mcufinder
2024-06-27 20:12:36,525 [INFO] DbMcusAds:125 - Set database path to: C:\Users\vishn\.stmcufinder\plugins\mcufinder//mcu/
2024-06-27 20:12:36,525 [WARN] DbFile:41 - Overriding database path with different value: C:\Users\vishn\.stmcufinder\plugins\mcufinder/ => C:\Users\vishn\.stmcufinder\plugins\mcufinder
2024-06-27 20:12:36,525 [WARN] DbFile:41 - Overriding database path with different value: C:\Users\vishn\.stmcufinder\plugins\mcufinder/ => C:\Users\vishn\.stmcufinder\plugins\mcufinder
2024-06-27 20:12:36,526 [INFO] CrossReferenceDbSqlite:203 - Set database path to: C:\Users\vishn\.stmcufinder\plugins\mcufinder//mcu/cs/
2024-06-27 20:12:36,592 [INFO] MainPanel:264 - HeapMemory: 268435456
2024-06-27 20:12:36,645 [INFO] DbMcusXml:78 - Set database path to: C:\ST\STM32CubeIDE_1.15.1\STM32CubeIDE\plugins\com.st.stm32cube.common.mx_6.11.1.202404110753\\db\/mcu/
2024-06-27 20:12:36,645 [INFO] ApiDb:274 - Set plugin database path to: C:\ST\STM32CubeIDE_1.15.1\STM32CubeIDE\plugins\com.st.stm32cube.common.mx_6.11.1.202404110753\\db\/plugins/boardmanager/
2024-06-27 20:12:36,646 [INFO] ApiDb:261 - Set plugin images path to: C:\ST\STM32CubeIDE_1.15.1\STM32CubeIDE\plugins\com.st.stm32cube.common.mx_6.11.1.202404110753\\db\/plugins/mcufinder/images/
2024-06-27 20:12:36,646 [WARN] DbFile:41 - Overriding database path with different value: C:\Users\vishn\.stmcufinder\plugins\mcufinder/ => C:\Users\vishn\.stmcufinder\plugins\mcufinder
2024-06-27 20:12:36,646 [INFO] ApiDb:250 - Set database path to: C:\Users\vishn\.stmcufinder\plugins\mcufinder//mcu/
2024-06-27 20:12:36,646 [WARN] DbFile:41 - Overriding database path with different value: C:\Users\vishn\.stmcufinder\plugins\mcufinder/ => C:\Users\vishn\.stmcufinder\plugins\mcufinder
2024-06-27 20:12:36,646 [INFO] DbMcusAds:125 - Set database path to: C:\Users\vishn\.stmcufinder\plugins\mcufinder//mcu/
2024-06-27 20:12:36,646 [WARN] DbFile:41 - Overriding database path with different value: C:\Users\vishn\.stmcufinder\plugins\mcufinder/ => C:\Users\vishn\.stmcufinder\plugins\mcufinder
2024-06-27 20:12:36,646 [WARN] DbFile:41 - Overriding database path with different value: C:\Users\vishn\.stmcufinder\plugins\mcufinder/ => C:\Users\vishn\.stmcufinder\plugins\mcufinder
2024-06-27 20:12:36,646 [INFO] CrossReferenceDbSqlite:203 - Set database path to: C:\Users\vishn\.stmcufinder\plugins\mcufinder//mcu/cs/
2024-06-27 20:12:36,663 [INFO] ApplicationProperties:184 - Using Application install path: C:\ST\STM32CubeIDE_1.15.1\STM32CubeIDE\plugins\com.st.stm32cube.common.mx_6.11.1.202404110753
2024-06-27 20:12:36,664 [INFO] PluginManage:196 - Search for loadable plugins [exclusion list=, ]
2024-06-27 20:12:36,665 [INFO] PluginManage:310 - Check plugin analytics
2024-06-27 20:12:36,797 [INFO] AnalyticsPlugin:253 - Accepted Software Licenses: 
2024-06-27 20:12:36,797 [INFO] AnalyticsPlugin:255 - Accepted CMSIS Pack Licenses: 
2024-06-27 20:12:36,797 [INFO] AnalyticsPlugin:257 - Accepted Firmware Licenses: 
2024-06-27 20:12:36,801 [INFO] PluginManage:359 - Loaded plugin analytics (category:tool,tabindex:-1)
2024-06-27 20:12:36,801 [INFO] PluginManage:310 - Check plugin cadmodel
2024-06-27 20:12:36,805 [INFO] CADModel:105 - Init CAD model plugin
2024-06-27 20:12:36,805 [INFO] PluginManage:359 - Loaded plugin cadmodel (category:power,tabindex:5)
2024-06-27 20:12:36,805 [INFO] PluginManage:310 - Check plugin clock
2024-06-27 20:12:36,813 [INFO] PluginManage:359 - Loaded plugin clock (category:base,tabindex:2)
2024-06-27 20:12:36,814 [INFO] PluginManage:310 - Check plugin ddr
2024-06-27 20:12:36,815 [INFO] PluginManage:359 - Loaded plugin ddr (category:tool,tabindex:6)
2024-06-27 20:12:36,816 [INFO] PluginManage:310 - Check plugin filemanager
2024-06-27 20:12:36,947 [INFO] PluginManage:359 - Loaded plugin filemanager (category:base,tabindex:10)
2024-06-27 20:12:36,947 [INFO] PluginManage:310 - Check plugin ipmanager
2024-06-27 20:12:36,957 [INFO] PluginManage:359 - Loaded plugin ipmanager (category:base,tabindex:5)
2024-06-27 20:12:36,957 [INFO] PluginManage:310 - Check plugin lpbam
2024-06-27 20:12:36,964 [INFO] PluginManage:359 - Loaded plugin lpbam (category:base,tabindex:0)
2024-06-27 20:12:36,964 [INFO] PluginManage:310 - Check plugin memorymap
2024-06-27 20:12:36,974 [INFO] PluginManage:359 - Loaded plugin memorymap (category:base,tabindex:4)
2024-06-27 20:12:36,974 [INFO] PluginManage:310 - Check plugin pinoutandconfiguration
2024-06-27 20:12:36,981 [INFO] PluginManage:359 - Loaded plugin pinoutandconfiguration (category:base,tabindex:1)
2024-06-27 20:12:36,981 [INFO] PluginManage:310 - Check plugin pinoutconfig
2024-06-27 20:12:37,047 [WARN] SupportedApi:132 - Cannot load RTOS API schema: s4s-elt-must-match.1: The content of 'definitions' must match (annotation?, (simpleType | complexType)?, (unique | key | keyref)*)). A problem was found starting at: attribute.
2024-06-27 20:12:37,141 [INFO] PluginManage:359 - Loaded plugin pinoutconfig (category:base,tabindex:0)
2024-06-27 20:12:37,141 [INFO] PluginManage:310 - Check plugin power
2024-06-27 20:12:37,148 [INFO] PluginManage:359 - Loaded plugin power (category:power,tabindex:4)
2024-06-27 20:12:37,148 [INFO] PluginManage:310 - Check plugin projectmanager
2024-06-27 20:12:37,160 [INFO] PluginManage:359 - Loaded plugin projectmanager (category:projectmanager,tabindex:3)
2024-06-27 20:12:37,160 [INFO] PluginManage:310 - Check plugin thirdparty
2024-06-27 20:12:37,248 [WARN] IntegrityCheckThread:84 - waiting for thirdparty lock release [integrity check]
2024-06-27 20:12:37,248 [INFO] PluginManage:359 - Loaded plugin thirdparty (category:base,tabindex:-1)
2024-06-27 20:12:37,248 [INFO] IntegrityCheckThread:86 - entering critical section [integrity check]
2024-06-27 20:12:37,249 [INFO] PluginManage:310 - Check plugin tools
2024-06-27 20:12:37,249 [INFO] ThirdPartyUpdaterWithRetryManager:70 - Updater plugin not ready yet. [1/15]
2024-06-27 20:12:37,251 [INFO] PluginManage:359 - Loaded plugin tools (category:base,tabindex:7)
2024-06-27 20:12:37,251 [INFO] PluginManage:310 - Check plugin tutovideos
2024-06-27 20:12:37,380 [INFO] PluginManage:359 - Loaded plugin tutovideos (category:base,tabindex:-1)
2024-06-27 20:12:37,380 [INFO] PluginManage:310 - Check plugin updater
2024-06-27 20:12:37,388 [INFO] PluginManage:359 - Loaded plugin updater (category:base,tabindex:12)
2024-06-27 20:12:37,388 [INFO] PluginManage:310 - Check plugin userauth
2024-06-27 20:12:37,392 [INFO] UserAuth:114 - Init User Auth plugin
2024-06-27 20:12:37,392 [INFO] PluginManage:359 - Loaded plugin userauth (category:base,tabindex:14)
2024-06-27 20:12:37,393 [INFO] PluginManage:283 - PluginManage : Loaded plugins [17]
2024-06-27 20:12:37,575 [INFO] PinOutPanel:1561 - setPackage(No Configuration,No Configuration)
2024-06-27 20:12:37,653 [INFO] CADModel:165 - CPN selected for project level
2024-06-27 20:12:37,654 [INFO] CADModel:114 - Register for checkConnection events
2024-06-27 20:12:37,669 [INFO] IPUIPlugin:80 - create IPUIPlugin
2024-06-27 20:12:37,669 [INFO] PluginManager:220 - loadIPPluginJar : add adc
2024-06-27 20:12:37,672 [INFO] IPUIPlugin:80 - create IPUIPlugin
2024-06-27 20:12:37,672 [INFO] PluginManager:220 - loadIPPluginJar : add aes
2024-06-27 20:12:37,675 [INFO] IPUIPlugin:80 - create IPUIPlugin
2024-06-27 20:12:37,675 [INFO] PluginManager:220 - loadIPPluginJar : add can
2024-06-27 20:12:37,677 [INFO] IPUIPlugin:80 - create IPUIPlugin
2024-06-27 20:12:37,677 [INFO] PluginManager:220 - loadIPPluginJar : add comp
2024-06-27 20:12:37,680 [INFO] IPUIPlugin:80 - create IPUIPlugin
2024-06-27 20:12:37,680 [INFO] PluginManager:220 - loadIPPluginJar : add cryp
2024-06-27 20:12:37,682 [INFO] IPUIPlugin:80 - create IPUIPlugin
2024-06-27 20:12:37,682 [INFO] PluginManager:220 - loadIPPluginJar : add dfsdm
2024-06-27 20:12:37,687 [INFO] IPUIPlugin:80 - create IPUIPlugin
2024-06-27 20:12:37,688 [INFO] PluginManager:220 - loadIPPluginJar : add dma
2024-06-27 20:12:37,690 [INFO] IPUIPlugin:80 - create IPUIPlugin
2024-06-27 20:12:37,690 [INFO] PluginManager:220 - loadIPPluginJar : add dma3
2024-06-27 20:12:37,692 [INFO] IPUIPlugin:80 - create IPUIPlugin
2024-06-27 20:12:37,693 [INFO] PluginManager:220 - loadIPPluginJar : add extmemmanager
2024-06-27 20:12:37,694 [INFO] IPUIPlugin:80 - create IPUIPlugin
2024-06-27 20:12:37,694 [INFO] PluginManager:220 - loadIPPluginJar : add fatfs
2024-06-27 20:12:37,698 [INFO] IPUIPlugin:80 - create IPUIPlugin
2024-06-27 20:12:37,698 [INFO] PluginManager:220 - loadIPPluginJar : add fmc
2024-06-27 20:12:37,702 [INFO] IPUIPlugin:80 - create IPUIPlugin
2024-06-27 20:12:37,702 [INFO] PluginManager:220 - loadIPPluginJar : add freertos
2024-06-27 20:12:37,704 [INFO] IPUIPlugin:80 - create IPUIPlugin
2024-06-27 20:12:37,704 [INFO] PluginManager:220 - loadIPPluginJar : add genericplugin
2024-06-27 20:12:37,706 [INFO] IPUIPlugin:80 - create IPUIPlugin
2024-06-27 20:12:37,706 [INFO] PluginManager:220 - loadIPPluginJar : add gfxmmu
2024-06-27 20:12:37,710 [INFO] IPUIPlugin:80 - create IPUIPlugin
2024-06-27 20:12:37,710 [INFO] PluginManager:220 - loadIPPluginJar : add gic
2024-06-27 20:12:37,713 [INFO] IPUIPlugin:80 - create IPUIPlugin
2024-06-27 20:12:37,714 [INFO] PluginManager:220 - loadIPPluginJar : add gpio
2024-06-27 20:12:37,716 [INFO] IPUIPlugin:80 - create IPUIPlugin
2024-06-27 20:12:37,716 [INFO] PluginManager:220 - loadIPPluginJar : add gtzc
2024-06-27 20:12:37,718 [INFO] IPUIPlugin:80 - create IPUIPlugin
2024-06-27 20:12:37,718 [INFO] PluginManager:220 - loadIPPluginJar : add hash
2024-06-27 20:12:37,720 [INFO] IPUIPlugin:80 - create IPUIPlugin
2024-06-27 20:12:37,721 [INFO] PluginManager:220 - loadIPPluginJar : add i2c
2024-06-27 20:12:37,723 [INFO] IPUIPlugin:80 - create IPUIPlugin
2024-06-27 20:12:37,723 [INFO] PluginManager:220 - loadIPPluginJar : add i2s
2024-06-27 20:12:37,725 [INFO] IPUIPlugin:80 - create IPUIPlugin
2024-06-27 20:12:37,725 [INFO] PluginManager:220 - loadIPPluginJar : add i3c
2024-06-27 20:12:37,728 [INFO] IPUIPlugin:80 - create IPUIPlugin
2024-06-27 20:12:37,728 [INFO] PluginManager:220 - loadIPPluginJar : add ipddr
2024-06-27 20:12:37,734 [INFO] IPUIPlugin:80 - create IPUIPlugin
2024-06-27 20:12:37,734 [INFO] PluginManager:220 - loadIPPluginJar : add linkedlist
2024-06-27 20:12:37,736 [INFO] IPUIPlugin:80 - create IPUIPlugin
2024-06-27 20:12:37,737 [INFO] PluginManager:220 - loadIPPluginJar : add lorawan
2024-06-27 20:12:37,738 [INFO] IPUIPlugin:80 - create IPUIPlugin
2024-06-27 20:12:37,738 [INFO] PluginManager:220 - loadIPPluginJar : add ltdc
2024-06-27 20:12:37,742 [INFO] IPUIPlugin:80 - create IPUIPlugin
2024-06-27 20:12:37,743 [INFO] PluginManager:220 - loadIPPluginJar : add mdma
2024-06-27 20:12:37,746 [INFO] IPUIPlugin:80 - create IPUIPlugin
2024-06-27 20:12:37,746 [INFO] PluginManager:220 - loadIPPluginJar : add nvic
2024-06-27 20:12:37,749 [INFO] IPUIPlugin:80 - create IPUIPlugin
2024-06-27 20:12:37,749 [INFO] PluginManager:220 - loadIPPluginJar : add opamp
2024-06-27 20:12:37,751 [INFO] IPUIPlugin:80 - create IPUIPlugin
2024-06-27 20:12:37,752 [INFO] PluginManager:220 - loadIPPluginJar : add openamp
2024-06-27 20:12:37,754 [INFO] IPUIPlugin:80 - create IPUIPlugin
2024-06-27 20:12:37,754 [INFO] PluginManager:220 - loadIPPluginJar : add pdm2pcm
2024-06-27 20:12:37,759 [INFO] IPUIPlugin:80 - create IPUIPlugin
2024-06-27 20:12:37,761 [INFO] PluginManager:220 - loadIPPluginJar : add plateformsettings
2024-06-27 20:12:37,762 [INFO] IPUIPlugin:80 - create IPUIPlugin
2024-06-27 20:12:37,762 [INFO] PluginManager:220 - loadIPPluginJar : add quadspi
2024-06-27 20:12:37,765 [INFO] IPUIPlugin:80 - create IPUIPlugin
2024-06-27 20:12:37,765 [INFO] PluginManager:220 - loadIPPluginJar : add resmgrutility
2024-06-27 20:12:37,767 [INFO] IPUIPlugin:80 - create IPUIPlugin
2024-06-27 20:12:37,767 [INFO] PluginManager:220 - loadIPPluginJar : add sai
2024-06-27 20:12:37,769 [INFO] IPUIPlugin:80 - create IPUIPlugin
2024-06-27 20:12:37,769 [INFO] PluginManager:220 - loadIPPluginJar : add spi
2024-06-27 20:12:37,773 [INFO] IPUIPlugin:80 - create IPUIPlugin
2024-06-27 20:12:37,773 [INFO] PluginManager:220 - loadIPPluginJar : add stm32_wpan
2024-06-27 20:12:37,775 [INFO] IPUIPlugin:80 - create IPUIPlugin
2024-06-27 20:12:37,775 [INFO] PluginManager:220 - loadIPPluginJar : add tim
2024-06-27 20:12:37,777 [INFO] IPUIPlugin:80 - create IPUIPlugin
2024-06-27 20:12:37,778 [INFO] PluginManager:220 - loadIPPluginJar : add touchsensing
2024-06-27 20:12:37,779 [INFO] IPUIPlugin:80 - create IPUIPlugin
2024-06-27 20:12:37,779 [INFO] PluginManager:220 - loadIPPluginJar : add tracer_emb
2024-06-27 20:12:37,781 [INFO] IPUIPlugin:80 - create IPUIPlugin
2024-06-27 20:12:37,781 [INFO] PluginManager:220 - loadIPPluginJar : add ts
2024-06-27 20:12:37,782 [INFO] IPUIPlugin:80 - create IPUIPlugin
2024-06-27 20:12:37,782 [INFO] PluginManager:220 - loadIPPluginJar : add tsc
2024-06-27 20:12:37,784 [INFO] IPUIPlugin:80 - create IPUIPlugin
2024-06-27 20:12:37,784 [INFO] PluginManager:220 - loadIPPluginJar : add ucpd
2024-06-27 20:12:37,786 [INFO] IPUIPlugin:80 - create IPUIPlugin
2024-06-27 20:12:37,786 [INFO] PluginManager:220 - loadIPPluginJar : add usart
2024-06-27 20:12:37,790 [INFO] IPUIPlugin:80 - create IPUIPlugin
2024-06-27 20:12:37,790 [INFO] PluginManager:220 - loadIPPluginJar : add usbx
2024-06-27 20:12:37,913 [INFO] CADModel:165 - CPN selected for project level
2024-06-27 20:12:37,913 [INFO] CADModel:114 - Register for checkConnection events
2024-06-27 20:12:37,913 [FATAL] Updater:308 - Updater called before beeing initialized
2024-06-27 20:12:37,913 [ERROR] CADModel:125 - Updater not yet initialized, retry later 
2024-06-27 20:12:38,010 [INFO] CADModel:165 - CPN selected for project level
2024-06-27 20:12:38,010 [INFO] CADModel:114 - Register for checkConnection events
2024-06-27 20:12:38,011 [FATAL] Updater:308 - Updater called before beeing initialized
2024-06-27 20:12:38,011 [ERROR] CADModel:125 - Updater not yet initialized, retry later 
2024-06-27 20:12:38,013 [FATAL] Updater:308 - Updater called before beeing initialized
2024-06-27 20:12:38,104 [FATAL] Updater:308 - Updater called before beeing initialized
2024-06-27 20:12:38,107 [INFO] DbMcusAds:53 - JSON generation date=Thu May 16 14:52:00 IST 2024 (1715851320852)
2024-06-27 20:12:38,108 [FATAL] Updater:308 - Updater called before beeing initialized
2024-06-27 20:12:38,137 [WARN] DetailPanel:346 - Failed to get advertising image, set to default
2024-06-27 20:12:38,215 [FATAL] Updater:308 - Updater called before beeing initialized
2024-06-27 20:12:38,216 [FATAL] Updater:308 - Updater called before beeing initialized
2024-06-27 20:12:38,216 [FATAL] Updater:308 - Updater called before beeing initialized
2024-06-27 20:12:38,216 [WARN] DetailPanel:346 - Failed to get advertising image, set to default
2024-06-27 20:12:38,217 [FATAL] Updater:308 - Updater called before beeing initialized
2024-06-27 20:12:38,254 [ERROR] Updater:1120 - MainUpdater not yet initialized. External WinMGr cannot be set.
2024-06-27 20:12:38,257 [INFO] Updater:1056 - Updater Version found : 6.11.1
2024-06-27 20:12:38,272 [INFO] ApplicationProperties:184 - Using Application install path: C:\ST\STM32CubeIDE_1.15.1\STM32CubeIDE\plugins\com.st.stm32cube.common.mx_6.11.1.202404110753
2024-06-27 20:12:39,846 [ERROR] LogOutputStream:75 - [STDERR_REDIRECT] Jun 27, 2024 8:12:39 PM java.util.prefs.WindowsPreferences <init>
2024-06-27 20:12:39,847 [ERROR] LogOutputStream:75 - [STDERR_REDIRECT] WARNING: Could not open/create prefs root node Software\JavaSoft\Prefs at root 0xffffffff80000002. Windows RegCreateKeyEx(...) returned error code 5.
2024-06-27 20:12:39,847 [ERROR] LogOutputStream:75 - [STDERR_REDIRECT] 
2024-06-27 20:12:40,193 [INFO] MainUpdater:2873 - connection check result : 10
2024-06-27 20:12:40,194 [INFO] MainUpdater:290 - Updater Check For Update Now.
2024-06-27 20:12:40,194 [INFO] MicroXplorer:498 - Change Database Version : DB.6.0.111
2024-06-27 20:12:40,199 [INFO] McuFinderGlobals:63 - Set McuFinder mode to 2 (CubeIDE integrated)
2024-06-27 20:12:40,200 [INFO] UserAuth:179 - activating auth plugin
2024-06-27 20:12:40,202 [INFO] UserAuth:415 - Internet connection configuration mode: 1
2024-06-27 20:12:40,217 [INFO] JxBrowserEngine:152 - Initiate JxBrowser Engine with user profile folder
2024-06-27 20:12:40,250 [WARN] MainUpdater:1194 - Updater busy. Cannot search thirdparties
2024-06-27 20:12:40,250 [INFO] ThirdPartyUpdaterWithRetryManager:96 - Updater plugin is busy. [1/15]
2024-06-27 20:12:40,349 [INFO] CheckServerUpdateThread:120 - End of CheckServer Thread
2024-06-27 20:12:40,402 [INFO] MainUpdater:2873 - connection check result : 10
2024-06-27 20:12:40,737 [INFO] ApiDb:581 - Connected to CubeFinder SQLite database (C:\Users\vishn\.stmcufinder\plugins\mcufinder\mcu\cube-finder-db.db)
2024-06-27 20:12:40,854 [INFO] ApiDb:668 - CubeFinder database Data Model version=2.1
2024-06-27 20:12:40,855 [INFO] ApiDb:669 - CubeFinder database Configuration version=3.0.39
2024-06-27 20:12:40,855 [INFO] ApiDb:670 - CubeFinder database generation date=2024-06-05 (1717578087)
2024-06-27 20:12:40,855 [INFO] ApiDb:671 - CubeFinder database FW Pack versions=[FP-ATR-ASTRA1_V2.0.0, FP-SNS-FLIGHT1_V5.0.1, FP-SNS-FLIGHT1_V5.0.2, FP-SNS-MOTENV1_V4.3.1, FP-SNS-MOTENV1_V4.3.2, FP-SNS-MOTENV1_V5.0.0, FP-SNS-MOTENVWB1_V1.4.0, FP-SNS-SMARTAG2_V1.2.0, STM32Cube_FW_C0_V1.1.0, STM32Cube_FW_F4_V1.28.0, STM32Cube_FW_F7_V1.17.2, STM32Cube_FW_G0_V1.6.2, STM32Cube_FW_G4_V1.5.2, STM32Cube_FW_H5_V0.5.1, STM32Cube_FW_H5_V1.1.1, STM32Cube_FW_H5_V1.2.0, STM32Cube_FW_H5_V1.2.0RC4, STM32Cube_FW_H7RS_V1.0.0, STM32Cube_FW_H7RS_V1.0.0RC4, STM32Cube_FW_H7_V1.11.2, STM32Cube_FW_L0_V1.12.2, STM32Cube_FW_L5_V1.5.1, STM32Cube_FW_U0_V1.0.0, STM32Cube_FW_U0_V1.0.0RC1, STM32Cube_FW_U5_V1.3.0RC4, STM32Cube_FW_U5_V1.5.0, STM32Cube_FW_U5_V1.5.0RC1, STM32Cube_FW_WBA_V1.0.0RC1, STM32Cube_FW_WBA_V1.2.0, STM32Cube_FW_WBA_V1.2.0RC2, STM32Cube_FW_WBA_V1.3.0RC1, STM32Cube_FW_WBA_V1.3.1, STM32Cube_FW_WB_V1.15.0RC1, STM32Cube_FW_WB_V1.16.0, STM32Cube_FW_WB_V1.16.0RC2, STM32Cube_FW_WB_V1.18.0, STM32Cube_FW_WB_V1.19.0, STM32Cube_FW_WL_V1.3.0, X-CUBE-ALGOBUILD_V1.4.0, X-CUBE-ALS_V1.0.1, X-CUBE-ALS_V1.0.2, X-CUBE-AZRTOS-F4_V1.1.0, X-CUBE-AZRTOS-F7_V1.1.0, X-CUBE-AZRTOS-G0_V1.1.0, X-CUBE-AZRTOS-G4_V2.0.0, X-CUBE-AZRTOS-H7RS_V1.0.0, X-CUBE-AZRTOS-H7_V3.2.0, X-CUBE-AZRTOS-L4_V1.0.0, X-CUBE-AZRTOS-L4_V2.0.0, X-CUBE-AZRTOS-L5_V1.1.0, X-CUBE-AZRTOS-WB_V2.0.0, X-CUBE-AZRTOS-WL_V2.0.0, X-CUBE-BLE1_V7.0.0, X-CUBE-BLE2_V3.3.0, X-CUBE-BLEMGR_V3.1.0, X-CUBE-EEPRMA1_V4.1.0, X-CUBE-EEPRMA1_V5.1.0, X-CUBE-FREERTOS_V1.2.0, X-CUBE-GNSS1_V6.0.0, X-CUBE-MEMS1_V10.0.0, X-CUBE-MEMS1_V9.1.0, X-CUBE-MEMS1_V9.4.0, X-CUBE-MEMS1_V9.6.0, X-CUBE-NFC4_V3.0.0, X-CUBE-NFC7_V1.0.1, X-CUBE-SFXS2LP1_V4.0.0, X-CUBE-SUBG2_V5.0.0, X-CUBE-TOF1_V3.4.1]
2024-06-27 20:12:40,957 [INFO] DbBoardsSqlite:226 - include board P-NUCLEO-WB55-NUCLEO as a kit item of type 'Nucleo-64'
2024-06-27 20:12:40,957 [INFO] DbBoardsSqlite:226 - include board P-NUCLEO-WB55-USBDONGLE as a kit item of type 'Nucleo USB Dongle'
2024-06-27 20:12:40,958 [INFO] DbBoardsSqlite:226 - include board STEVAL-IDP005V1 as a kit item of type 'Evaluation Board'
2024-06-27 20:12:40,958 [INFO] DbBoardsSqlite:226 - include board STEVAL-IDP005V2 as a kit item of type 'Evaluation Board'
2024-06-27 20:12:40,975 [INFO] WebApp:161 - Instantiating new browser for Auth
2024-06-27 20:12:41,057 [INFO] ApiDb:240 - Found 483 in-development CPN: [B-G473E-ZEST1S, B-WB1M-WPAN1, B-WL5M-SUBG1, NUCLEO-C031C6, NUCLEO-H503RB, NUCLEO-H533RE, NUCLEO-H563ZI, NUCLEO-H7S3L8, NUCLEO-U031R8, NUCLEO-U083RC, NUCLEO-U545RE-Q, NUCLEO-U5A5ZJ-Q, NUCLEO-WBA52CG, NUCLEO-WBA55CG, STEVAL-PROTEUS1, STEVAL-SMARTAG2, STEVAL-STWINBX1, STM320518-EVAL, STM32C0116-DK, STM32C011D6Y3TR, STM32C011D6Y6TR, STM32C011F4P3, STM32C011F4P6, STM32C011F4U3, STM32C011F4U6TR, STM32C011F6P3, STM32C011F6P6, STM32C011F6U3, STM32C011F6U6TR, STM32C011J4M3, STM32C011J4M6, STM32C011J6M3, STM32C011J6M6, STM32C0316-DK, STM32C031C4T3, STM32C031C4T6, STM32C031C4U3, STM32C031C4U6, STM32C031C6T3, STM32C031C6T6, STM32C031C6U3, STM32C031C6U6, STM32C031F4P3, STM32C031F4P6, STM32C031F6P3, STM32C031F6P6, STM32C031G4U3, STM32C031G4U6, STM32C031G6U3, STM32C031G6U6, STM32C031K4T3, STM32C031K4T6, STM32C031K4U3, STM32C031K4U6, STM32C031K6T3, STM32C031K6T6, STM32C031K6U3, STM32C031K6U6, STM32G071K8TXN, STM32G071K8UXN, STM32G081GBU6N, STM32G081KBT6N, STM32G081KBUXN, STM32G0B1CCT6N, STM32G0B1KCT6, STM32G0B1NEY6TR, STM32G0B1RCT6N, STM32G0C1CCT6, STM32G0C1CCT6N, STM32G0C1CCU6N, STM32G0C1CET6N, STM32G0C1CEU6N, STM32G0C1KCT6, STM32G0C1NEY6TR, STM32G0C1RCI6N, STM32G0C1RCT6N, STM32G0C1REI6N, STM32G0C1RET6N, STM32G0C1VCI6, STM32G0C1VEI6, STM32G471CCT6, STM32G471CCU6, STM32G471CET3, STM32G471CET6, STM32G471CEU3, STM32G471CEU6, STM32G471MCT6, STM32G471MET3, STM32G471MET6, STM32G471MEY6TR, STM32G471QCT6, STM32G471QET3, STM32G471RCT6, STM32G471RET3, STM32G471RET6, STM32G471VCH6, STM32G471VCI6, STM32G471VCT6, STM32G471VEH3, STM32G471VEH6, STM32G471VEI3, STM32G471VEI6, STM32G471VET3, STM32G471VET6, STM32G474CCT6, STM32H503CBT6, STM32H503CBU6, STM32H503EBY6TR, STM32H503KBU6, STM32H503RBT6, STM32H523CCT6, STM32H523CCU6, STM32H523CET6, STM32H523CEU6, STM32H523HEY6TR, STM32H523RCT6, STM32H523RET6, STM32H523VCI6, STM32H523VCT6, STM32H523VEI6, STM32H523VET6, STM32H523ZCJ6, STM32H523ZCT6, STM32H523ZEJ6, STM32H523ZET6, STM32H533CET6, STM32H533CEU6, STM32H533HEY6TR, STM32H533RET6, STM32H533VEI6, STM32H533VET6, STM32H533ZEJ6, STM32H533ZET6, STM32H562AGI6, STM32H562AII6, STM32H562IGK6, STM32H562IGT6, STM32H562IIK6, STM32H562IIT6, STM32H562RGT6, STM32H562RGV6, STM32H562RIT6, STM32H562RIV6, STM32H562VGT6, STM32H562VIT6, STM32H562ZGT6, STM32H562ZIT6, STM32H563AGI6, STM32H563AII3Q, STM32H563AII6, STM32H563IGK6, STM32H563IGT6, STM32H563IIK3Q, STM32H563IIK6, STM32H563IIT3Q, STM32H563IIT6, STM32H563MIY3QTR, STM32H563RGT6, STM32H563RGV6, STM32H563RIT6, STM32H563RIV6, STM32H563VGT6, STM32H563VIT3Q, STM32H563VIT6, STM32H563ZGT6, STM32H563ZIT3Q, STM32H563ZIT6, STM32H573AII3Q, STM32H573AII6, STM32H573I-DK, STM32H573IIK3Q, STM32H573IIK6, STM32H573IIT3Q, STM32H573IIT6, STM32H573MIY3QTR, STM32H573RIT6, STM32H573RIV6, STM32H573VIT3Q, STM32H573VIT6, STM32H573ZIT3Q, STM32H573ZIT6, STM32H7R3A8I6, STM32H7R3I8K6, STM32H7R3I8T6, STM32H7R3L8H6, STM32H7R3L8H6H, STM32H7R3R8V6, STM32H7R3V8H6, STM32H7R3V8T6, STM32H7R3V8Y6, STM32H7R3Z8J6, STM32H7R3Z8T6, STM32H7R7A8I6, STM32H7R7I8K6, STM32H7R7I8T6, STM32H7R7L8H6, STM32H7R7L8H6H, STM32H7R7Z8J6, STM32H7S3A8I6, STM32H7S3I8K6, STM32H7S3I8T6, STM32H7S3L8H6, STM32H7S3L8H6H, STM32H7S3R8V6, STM32H7S3V8H6, STM32H7S3V8T6, STM32H7S3V8Y6, STM32H7S3Z8J6, STM32H7S3Z8T6, STM32H7S78-DK, STM32H7S7A8I6, STM32H7S7I8K6, STM32H7S7I8T6, STM32H7S7L8H6, STM32H7S7L8H6H, STM32H7S7Z8J6, STM32L4R5QGI6STR, STM32MP131AAE3, STM32MP131AAF3, STM32MP131AAG3, STM32MP131CAE3, STM32MP131CAF3, STM32MP131CAG3, STM32MP131DAE7, STM32MP131DAF7, STM32MP131DAG7, STM32MP131FAE7, STM32MP131FAF7, STM32MP131FAG7, STM32MP133AAE3, STM32MP133AAF3, STM32MP133AAG3, STM32MP133CAE3, STM32MP133CAF3, STM32MP133CAG3, STM32MP133DAE7, STM32MP133DAF7, STM32MP133DAG7, STM32MP133FAE7, STM32MP133FAF7, STM32MP133FAG7, STM32MP135AAE3, STM32MP135AAF3, STM32MP135AAG3, STM32MP135CAE3, STM32MP135CAF3, STM32MP135CAG3, STM32MP135DAE7, STM32MP135DAF7, STM32MP135DAG7, STM32MP135F-DK, STM32MP135FAE7, STM32MP135FAF7, STM32MP135FAF7T, STM32MP135FAF7U, STM32MP135FAG7, STM32U031C6T6, STM32U031C6U6, STM32U031C8T6, STM32U031C8U6, STM32U031F4P6, STM32U031F6P6, STM32U031F8P6, STM32U031G6Y6TR, STM32U031G8Y6TR, STM32U031K4U6, STM32U031K6U6, STM32U031K8U6, STM32U031R6I6, STM32U031R6T6, STM32U031R8I6, STM32U031R8T6, STM32U073C8T6, STM32U073C8U6, STM32U073CBT6, STM32U073CBU6, STM32U073CCT6, STM32U073CCU6, STM32U073H8Y6TR, STM32U073HBY6TR, STM32U073HCY6TR, STM32U073K8U6, STM32U073KBU6, STM32U073KCU6, STM32U073M8I6, STM32U073M8T6, STM32U073MBI6, STM32U073MBT6, STM32U073MCI6, STM32U073MCT6, STM32U073R8I6, STM32U073R8T6, STM32U073RBI6, STM32U073RBT6, STM32U073RCI6, STM32U073RCT6, STM32U083C-DK, STM32U083CCT6, STM32U083CCU6, STM32U083HCY6TR, STM32U083KCU6, STM32U083MCI6, STM32U083MCT6, STM32U083RCI6, STM32U083RCT6, STM32U535CBT6, STM32U535CBT6Q, STM32U535CBU6, STM32U535CBU6Q, STM32U535CCT6, STM32U535CCT6Q, STM32U535CCU6, STM32U535CCU6Q, STM32U535CET6, STM32U535CET6Q, STM32U535CEU6, STM32U535CEU6Q, STM32U535JEY6QTR, STM32U535NCY6QTR, STM32U535NEY6QTR, STM32U535RBI6, STM32U535RBI6Q, STM32U535RBT6, STM32U535RBT6Q, STM32U535RCI6, STM32U535RCI6Q, STM32U535RCT6, STM32U535RCT6Q, STM32U535REI6, STM32U535REI6Q, STM32U535RET6, STM32U535RET6Q, STM32U535VCI6, STM32U535VCI6Q, STM32U535VCT6, STM32U535VCT6Q, STM32U535VEI6, STM32U535VEI6Q, STM32U535VET6, STM32U535VET6Q, STM32U545CET6, STM32U545CET6Q, STM32U545CEU6, STM32U545CEU6Q, STM32U545JEY6QTR, STM32U545NEY6QTR, STM32U545REI6, STM32U545REI6Q, STM32U545RET6, STM32U545RET6Q, STM32U545VEI6, STM32U545VEI6Q, STM32U545VET6, STM32U545VET6Q, STM32U595AIH6, STM32U595AIH6Q, STM32U595AJH6, STM32U595AJH6Q, STM32U595QII6, STM32U595QII6Q, STM32U595QJI6, STM32U595QJI6Q, STM32U595RIT6, STM32U595RIT6Q, STM32U595RJT6, STM32U595RJT6Q, STM32U595VIT6, STM32U595VIT6Q, STM32U595VJT6, STM32U595VJT6Q, STM32U595ZIT6, STM32U595ZIT6Q, STM32U595ZIY6QTR, STM32U595ZJT6, STM32U595ZJT6Q, STM32U595ZJY6QTR, STM32U599BJY6QTR, STM32U599NIH6Q, STM32U599NJH6Q, STM32U599VIT6Q, STM32U599VJT6, STM32U599VJT6Q, STM32U599ZIT6Q, STM32U599ZIY6QTR, STM32U599ZJT6Q, STM32U599ZJY6QTR, STM32U5A5AJH6, STM32U5A5AJH6Q, STM32U5A5QII3Q , STM32U5A5QJI6, STM32U5A5QJI6Q, STM32U5A5RJT6, STM32U5A5RJT6Q, STM32U5A5VJT6, STM32U5A5VJT6Q, STM32U5A5ZJT6, STM32U5A5ZJT6Q, STM32U5A5ZJY6QTR, STM32U5A9BJY6QTR, STM32U5A9J-DK, STM32U5A9NJH6Q, STM32U5A9VJT6Q, STM32U5A9ZJT6Q, STM32U5A9ZJY6QTR, STM32U5F7VIT6, STM32U5F7VIT6Q, STM32U5F7VJT6, STM32U5F7VJT6Q, STM32U5F9BJY6QTR, STM32U5F9NJH6Q, STM32U5F9VIT6Q, STM32U5F9VJT6Q, STM32U5F9ZIJ6QTR, STM32U5F9ZIT6Q, STM32U5F9ZJJ6QTR, STM32U5F9ZJT6Q, STM32U5G7VJT6, STM32U5G7VJT6Q, STM32U5G9BJY6QTR, STM32U5G9J-DK1, STM32U5G9J-DK2, STM32U5G9NJH6Q, STM32U5G9VJT6Q, STM32U5G9ZJJ6QTR, STM32U5G9ZJT6Q, STM32WB1MMCH6, STM32WBA50KEU6, STM32WBA50KEU6TR, STM32WBA50KGU6, STM32WBA50KGU6TR, STM32WBA52CEU6, STM32WBA52CEU6TR, STM32WBA52CEU7, STM32WBA52CEU7TR, STM32WBA52CGU6, STM32WBA52CGU6TR, STM32WBA52CGU6U, STM32WBA52CGU7, STM32WBA52CGU7TR, STM32WBA52KEU6, STM32WBA52KEU6TR, STM32WBA52KGU6, STM32WBA52KGU6TR, STM32WBA54CEU6, STM32WBA54CEU6TR, STM32WBA54CEU7, STM32WBA54CEU7TR, STM32WBA54CGU6, STM32WBA54CGU6TR, STM32WBA54CGU7, STM32WBA54CGU7TR, STM32WBA54KEU6, STM32WBA54KEU6TR, STM32WBA54KEU7, STM32WBA54KEU7TR, STM32WBA54KGU6, STM32WBA54KGU6TR, STM32WBA54KGU7, STM32WBA54KGU7TR, STM32WBA55CEU6, STM32WBA55CEU6TR, STM32WBA55CEU7, STM32WBA55CEU7TR, STM32WBA55CGU6, STM32WBA55CGU6TR, STM32WBA55CGU6U, STM32WBA55CGU7, STM32WBA55CGU7TR, STM32WBA55G-DK1, STM32WBA55HEF6, STM32WBA55HEF7, STM32WBA55HGF6, STM32WBA55HGF7, STM32WBA55UEI6, STM32WBA55UEI6TR, STM32WBA55UEI7, STM32WBA55UEI7TR, STM32WBA55UGI6, STM32WBA55UGI6TR, STM32WBA55UGI7, STM32WBA55UGI7TR, STM32WL5MOCH6, STM32WL5MOCH6TR]
2024-06-27 20:12:41,276 [INFO] BoardInfo:889 - No configuration file found for board P-NUCLEO-WB55
2024-06-27 20:12:41,276 [INFO] DbBoards:161 - Kit is not supported: P-NUCLEO-WB55
2024-06-27 20:12:41,283 [INFO] BoardInfo:889 - No configuration file found for board STEVAL-BFA001V1B
2024-06-27 20:12:41,284 [INFO] DbBoards:161 - Kit is not supported: STEVAL-BFA001V1B
2024-06-27 20:12:41,285 [INFO] BoardInfo:889 - No configuration file found for board STEVAL-BFA001V2B
2024-06-27 20:12:41,286 [INFO] DbBoards:161 - Kit is not supported: STEVAL-BFA001V2B
2024-06-27 20:12:41,451 [INFO] DbBoards:168 - Found 199 boards, 196 are supported
2024-06-27 20:12:41,451 [INFO] DbBoards:169 - Found 199 boards, 8 of them is supported for  Bsp
2024-06-27 20:12:41,455 [INFO] ApiDb:668 - CubeFinder database Data Model version=2.1
2024-06-27 20:12:41,455 [INFO] ApiDb:669 - CubeFinder database Configuration version=3.0.39
2024-06-27 20:12:41,455 [INFO] ApiDb:670 - CubeFinder database generation date=2024-06-05 (1717578087)
2024-06-27 20:12:41,456 [INFO] ApiDb:671 - CubeFinder database FW Pack versions=[FP-ATR-ASTRA1_V2.0.0, FP-SNS-FLIGHT1_V5.0.1, FP-SNS-FLIGHT1_V5.0.2, FP-SNS-MOTENV1_V4.3.1, FP-SNS-MOTENV1_V4.3.2, FP-SNS-MOTENV1_V5.0.0, FP-SNS-MOTENVWB1_V1.4.0, FP-SNS-SMARTAG2_V1.2.0, STM32Cube_FW_C0_V1.1.0, STM32Cube_FW_F4_V1.28.0, STM32Cube_FW_F7_V1.17.2, STM32Cube_FW_G0_V1.6.2, STM32Cube_FW_G4_V1.5.2, STM32Cube_FW_H5_V0.5.1, STM32Cube_FW_H5_V1.1.1, STM32Cube_FW_H5_V1.2.0, STM32Cube_FW_H5_V1.2.0RC4, STM32Cube_FW_H7RS_V1.0.0, STM32Cube_FW_H7RS_V1.0.0RC4, STM32Cube_FW_H7_V1.11.2, STM32Cube_FW_L0_V1.12.2, STM32Cube_FW_L5_V1.5.1, STM32Cube_FW_U0_V1.0.0, STM32Cube_FW_U0_V1.0.0RC1, STM32Cube_FW_U5_V1.3.0RC4, STM32Cube_FW_U5_V1.5.0, STM32Cube_FW_U5_V1.5.0RC1, STM32Cube_FW_WBA_V1.0.0RC1, STM32Cube_FW_WBA_V1.2.0, STM32Cube_FW_WBA_V1.2.0RC2, STM32Cube_FW_WBA_V1.3.0RC1, STM32Cube_FW_WBA_V1.3.1, STM32Cube_FW_WB_V1.15.0RC1, STM32Cube_FW_WB_V1.16.0, STM32Cube_FW_WB_V1.16.0RC2, STM32Cube_FW_WB_V1.18.0, STM32Cube_FW_WB_V1.19.0, STM32Cube_FW_WL_V1.3.0, X-CUBE-ALGOBUILD_V1.4.0, X-CUBE-ALS_V1.0.1, X-CUBE-ALS_V1.0.2, X-CUBE-AZRTOS-F4_V1.1.0, X-CUBE-AZRTOS-F7_V1.1.0, X-CUBE-AZRTOS-G0_V1.1.0, X-CUBE-AZRTOS-G4_V2.0.0, X-CUBE-AZRTOS-H7RS_V1.0.0, X-CUBE-AZRTOS-H7_V3.2.0, X-CUBE-AZRTOS-L4_V1.0.0, X-CUBE-AZRTOS-L4_V2.0.0, X-CUBE-AZRTOS-L5_V1.1.0, X-CUBE-AZRTOS-WB_V2.0.0, X-CUBE-AZRTOS-WL_V2.0.0, X-CUBE-BLE1_V7.0.0, X-CUBE-BLE2_V3.3.0, X-CUBE-BLEMGR_V3.1.0, X-CUBE-EEPRMA1_V4.1.0, X-CUBE-EEPRMA1_V5.1.0, X-CUBE-FREERTOS_V1.2.0, X-CUBE-GNSS1_V6.0.0, X-CUBE-MEMS1_V10.0.0, X-CUBE-MEMS1_V9.1.0, X-CUBE-MEMS1_V9.4.0, X-CUBE-MEMS1_V9.6.0, X-CUBE-NFC4_V3.0.0, X-CUBE-NFC7_V1.0.1, X-CUBE-SFXS2LP1_V4.0.0, X-CUBE-SUBG2_V5.0.0, X-CUBE-TOF1_V3.4.1]
2024-06-27 20:12:41,653 [INFO] WebApp:779 - Register for checkConnection events
2024-06-27 20:12:41,653 [INFO] WebApp:414 - Apply proxy settings
2024-06-27 20:12:41,654 [INFO] WebApp:499 - Chromium requires no authentication
2024-06-27 20:12:41,660 [INFO] WebApp:442 - Direct internet connection detected
2024-06-27 20:12:41,814 [INFO] WebApp:192 - Starting web application
2024-06-27 20:12:41,815 [INFO] WebApp:544 - Web application path used C:\ST\STM32CubeIDE_1.15.1\STM32CubeIDE\plugins\com.st.stm32cube.common.mx_6.11.1.202404110753\db\plugins\mcufinder\reactClient1\index.html
2024-06-27 20:12:42,941 [INFO] ApiDb:240 - Found 483 in-development CPN: [B-G473E-ZEST1S, B-WB1M-WPAN1, B-WL5M-SUBG1, NUCLEO-C031C6, NUCLEO-H503RB, NUCLEO-H533RE, NUCLEO-H563ZI, NUCLEO-H7S3L8, NUCLEO-U031R8, NUCLEO-U083RC, NUCLEO-U545RE-Q, NUCLEO-U5A5ZJ-Q, NUCLEO-WBA52CG, NUCLEO-WBA55CG, STEVAL-PROTEUS1, STEVAL-SMARTAG2, STEVAL-STWINBX1, STM320518-EVAL, STM32C0116-DK, STM32C011D6Y3TR, STM32C011D6Y6TR, STM32C011F4P3, STM32C011F4P6, STM32C011F4U3, STM32C011F4U6TR, STM32C011F6P3, STM32C011F6P6, STM32C011F6U3, STM32C011F6U6TR, STM32C011J4M3, STM32C011J4M6, STM32C011J6M3, STM32C011J6M6, STM32C0316-DK, STM32C031C4T3, STM32C031C4T6, STM32C031C4U3, STM32C031C4U6, STM32C031C6T3, STM32C031C6T6, STM32C031C6U3, STM32C031C6U6, STM32C031F4P3, STM32C031F4P6, STM32C031F6P3, STM32C031F6P6, STM32C031G4U3, STM32C031G4U6, STM32C031G6U3, STM32C031G6U6, STM32C031K4T3, STM32C031K4T6, STM32C031K4U3, STM32C031K4U6, STM32C031K6T3, STM32C031K6T6, STM32C031K6U3, STM32C031K6U6, STM32G071K8TXN, STM32G071K8UXN, STM32G081GBU6N, STM32G081KBT6N, STM32G081KBUXN, STM32G0B1CCT6N, STM32G0B1KCT6, STM32G0B1NEY6TR, STM32G0B1RCT6N, STM32G0C1CCT6, STM32G0C1CCT6N, STM32G0C1CCU6N, STM32G0C1CET6N, STM32G0C1CEU6N, STM32G0C1KCT6, STM32G0C1NEY6TR, STM32G0C1RCI6N, STM32G0C1RCT6N, STM32G0C1REI6N, STM32G0C1RET6N, STM32G0C1VCI6, STM32G0C1VEI6, STM32G471CCT6, STM32G471CCU6, STM32G471CET3, STM32G471CET6, STM32G471CEU3, STM32G471CEU6, STM32G471MCT6, STM32G471MET3, STM32G471MET6, STM32G471MEY6TR, STM32G471QCT6, STM32G471QET3, STM32G471RCT6, STM32G471RET3, STM32G471RET6, STM32G471VCH6, STM32G471VCI6, STM32G471VCT6, STM32G471VEH3, STM32G471VEH6, STM32G471VEI3, STM32G471VEI6, STM32G471VET3, STM32G471VET6, STM32G474CCT6, STM32H503CBT6, STM32H503CBU6, STM32H503EBY6TR, STM32H503KBU6, STM32H503RBT6, STM32H523CCT6, STM32H523CCU6, STM32H523CET6, STM32H523CEU6, STM32H523HEY6TR, STM32H523RCT6, STM32H523RET6, STM32H523VCI6, STM32H523VCT6, STM32H523VEI6, STM32H523VET6, STM32H523ZCJ6, STM32H523ZCT6, STM32H523ZEJ6, STM32H523ZET6, STM32H533CET6, STM32H533CEU6, STM32H533HEY6TR, STM32H533RET6, STM32H533VEI6, STM32H533VET6, STM32H533ZEJ6, STM32H533ZET6, STM32H562AGI6, STM32H562AII6, STM32H562IGK6, STM32H562IGT6, STM32H562IIK6, STM32H562IIT6, STM32H562RGT6, STM32H562RGV6, STM32H562RIT6, STM32H562RIV6, STM32H562VGT6, STM32H562VIT6, STM32H562ZGT6, STM32H562ZIT6, STM32H563AGI6, STM32H563AII3Q, STM32H563AII6, STM32H563IGK6, STM32H563IGT6, STM32H563IIK3Q, STM32H563IIK6, STM32H563IIT3Q, STM32H563IIT6, STM32H563MIY3QTR, STM32H563RGT6, STM32H563RGV6, STM32H563RIT6, STM32H563RIV6, STM32H563VGT6, STM32H563VIT3Q, STM32H563VIT6, STM32H563ZGT6, STM32H563ZIT3Q, STM32H563ZIT6, STM32H573AII3Q, STM32H573AII6, STM32H573I-DK, STM32H573IIK3Q, STM32H573IIK6, STM32H573IIT3Q, STM32H573IIT6, STM32H573MIY3QTR, STM32H573RIT6, STM32H573RIV6, STM32H573VIT3Q, STM32H573VIT6, STM32H573ZIT3Q, STM32H573ZIT6, STM32H7R3A8I6, STM32H7R3I8K6, STM32H7R3I8T6, STM32H7R3L8H6, STM32H7R3L8H6H, STM32H7R3R8V6, STM32H7R3V8H6, STM32H7R3V8T6, STM32H7R3V8Y6, STM32H7R3Z8J6, STM32H7R3Z8T6, STM32H7R7A8I6, STM32H7R7I8K6, STM32H7R7I8T6, STM32H7R7L8H6, STM32H7R7L8H6H, STM32H7R7Z8J6, STM32H7S3A8I6, STM32H7S3I8K6, STM32H7S3I8T6, STM32H7S3L8H6, STM32H7S3L8H6H, STM32H7S3R8V6, STM32H7S3V8H6, STM32H7S3V8T6, STM32H7S3V8Y6, STM32H7S3Z8J6, STM32H7S3Z8T6, STM32H7S78-DK, STM32H7S7A8I6, STM32H7S7I8K6, STM32H7S7I8T6, STM32H7S7L8H6, STM32H7S7L8H6H, STM32H7S7Z8J6, STM32L4R5QGI6STR, STM32MP131AAE3, STM32MP131AAF3, STM32MP131AAG3, STM32MP131CAE3, STM32MP131CAF3, STM32MP131CAG3, STM32MP131DAE7, STM32MP131DAF7, STM32MP131DAG7, STM32MP131FAE7, STM32MP131FAF7, STM32MP131FAG7, STM32MP133AAE3, STM32MP133AAF3, STM32MP133AAG3, STM32MP133CAE3, STM32MP133CAF3, STM32MP133CAG3, STM32MP133DAE7, STM32MP133DAF7, STM32MP133DAG7, STM32MP133FAE7, STM32MP133FAF7, STM32MP133FAG7, STM32MP135AAE3, STM32MP135AAF3, STM32MP135AAG3, STM32MP135CAE3, STM32MP135CAF3, STM32MP135CAG3, STM32MP135DAE7, STM32MP135DAF7, STM32MP135DAG7, STM32MP135F-DK, STM32MP135FAE7, STM32MP135FAF7, STM32MP135FAF7T, STM32MP135FAF7U, STM32MP135FAG7, STM32U031C6T6, STM32U031C6U6, STM32U031C8T6, STM32U031C8U6, STM32U031F4P6, STM32U031F6P6, STM32U031F8P6, STM32U031G6Y6TR, STM32U031G8Y6TR, STM32U031K4U6, STM32U031K6U6, STM32U031K8U6, STM32U031R6I6, STM32U031R6T6, STM32U031R8I6, STM32U031R8T6, STM32U073C8T6, STM32U073C8U6, STM32U073CBT6, STM32U073CBU6, STM32U073CCT6, STM32U073CCU6, STM32U073H8Y6TR, STM32U073HBY6TR, STM32U073HCY6TR, STM32U073K8U6, STM32U073KBU6, STM32U073KCU6, STM32U073M8I6, STM32U073M8T6, STM32U073MBI6, STM32U073MBT6, STM32U073MCI6, STM32U073MCT6, STM32U073R8I6, STM32U073R8T6, STM32U073RBI6, STM32U073RBT6, STM32U073RCI6, STM32U073RCT6, STM32U083C-DK, STM32U083CCT6, STM32U083CCU6, STM32U083HCY6TR, STM32U083KCU6, STM32U083MCI6, STM32U083MCT6, STM32U083RCI6, STM32U083RCT6, STM32U535CBT6, STM32U535CBT6Q, STM32U535CBU6, STM32U535CBU6Q, STM32U535CCT6, STM32U535CCT6Q, STM32U535CCU6, STM32U535CCU6Q, STM32U535CET6, STM32U535CET6Q, STM32U535CEU6, STM32U535CEU6Q, STM32U535JEY6QTR, STM32U535NCY6QTR, STM32U535NEY6QTR, STM32U535RBI6, STM32U535RBI6Q, STM32U535RBT6, STM32U535RBT6Q, STM32U535RCI6, STM32U535RCI6Q, STM32U535RCT6, STM32U535RCT6Q, STM32U535REI6, STM32U535REI6Q, STM32U535RET6, STM32U535RET6Q, STM32U535VCI6, STM32U535VCI6Q, STM32U535VCT6, STM32U535VCT6Q, STM32U535VEI6, STM32U535VEI6Q, STM32U535VET6, STM32U535VET6Q, STM32U545CET6, STM32U545CET6Q, STM32U545CEU6, STM32U545CEU6Q, STM32U545JEY6QTR, STM32U545NEY6QTR, STM32U545REI6, STM32U545REI6Q, STM32U545RET6, STM32U545RET6Q, STM32U545VEI6, STM32U545VEI6Q, STM32U545VET6, STM32U545VET6Q, STM32U595AIH6, STM32U595AIH6Q, STM32U595AJH6, STM32U595AJH6Q, STM32U595QII6, STM32U595QII6Q, STM32U595QJI6, STM32U595QJI6Q, STM32U595RIT6, STM32U595RIT6Q, STM32U595RJT6, STM32U595RJT6Q, STM32U595VIT6, STM32U595VIT6Q, STM32U595VJT6, STM32U595VJT6Q, STM32U595ZIT6, STM32U595ZIT6Q, STM32U595ZIY6QTR, STM32U595ZJT6, STM32U595ZJT6Q, STM32U595ZJY6QTR, STM32U599BJY6QTR, STM32U599NIH6Q, STM32U599NJH6Q, STM32U599VIT6Q, STM32U599VJT6, STM32U599VJT6Q, STM32U599ZIT6Q, STM32U599ZIY6QTR, STM32U599ZJT6Q, STM32U599ZJY6QTR, STM32U5A5AJH6, STM32U5A5AJH6Q, STM32U5A5QII3Q , STM32U5A5QJI6, STM32U5A5QJI6Q, STM32U5A5RJT6, STM32U5A5RJT6Q, STM32U5A5VJT6, STM32U5A5VJT6Q, STM32U5A5ZJT6, STM32U5A5ZJT6Q, STM32U5A5ZJY6QTR, STM32U5A9BJY6QTR, STM32U5A9J-DK, STM32U5A9NJH6Q, STM32U5A9VJT6Q, STM32U5A9ZJT6Q, STM32U5A9ZJY6QTR, STM32U5F7VIT6, STM32U5F7VIT6Q, STM32U5F7VJT6, STM32U5F7VJT6Q, STM32U5F9BJY6QTR, STM32U5F9NJH6Q, STM32U5F9VIT6Q, STM32U5F9VJT6Q, STM32U5F9ZIJ6QTR, STM32U5F9ZIT6Q, STM32U5F9ZJJ6QTR, STM32U5F9ZJT6Q, STM32U5G7VJT6, STM32U5G7VJT6Q, STM32U5G9BJY6QTR, STM32U5G9J-DK1, STM32U5G9J-DK2, STM32U5G9NJH6Q, STM32U5G9VJT6Q, STM32U5G9ZJJ6QTR, STM32U5G9ZJT6Q, STM32WB1MMCH6, STM32WBA50KEU6, STM32WBA50KEU6TR, STM32WBA50KGU6, STM32WBA50KGU6TR, STM32WBA52CEU6, STM32WBA52CEU6TR, STM32WBA52CEU7, STM32WBA52CEU7TR, STM32WBA52CGU6, STM32WBA52CGU6TR, STM32WBA52CGU6U, STM32WBA52CGU7, STM32WBA52CGU7TR, STM32WBA52KEU6, STM32WBA52KEU6TR, STM32WBA52KGU6, STM32WBA52KGU6TR, STM32WBA54CEU6, STM32WBA54CEU6TR, STM32WBA54CEU7, STM32WBA54CEU7TR, STM32WBA54CGU6, STM32WBA54CGU6TR, STM32WBA54CGU7, STM32WBA54CGU7TR, STM32WBA54KEU6, STM32WBA54KEU6TR, STM32WBA54KEU7, STM32WBA54KEU7TR, STM32WBA54KGU6, STM32WBA54KGU6TR, STM32WBA54KGU7, STM32WBA54KGU7TR, STM32WBA55CEU6, STM32WBA55CEU6TR, STM32WBA55CEU7, STM32WBA55CEU7TR, STM32WBA55CGU6, STM32WBA55CGU6TR, STM32WBA55CGU6U, STM32WBA55CGU7, STM32WBA55CGU7TR, STM32WBA55G-DK1, STM32WBA55HEF6, STM32WBA55HEF7, STM32WBA55HGF6, STM32WBA55HGF7, STM32WBA55UEI6, STM32WBA55UEI6TR, STM32WBA55UEI7, STM32WBA55UEI7TR, STM32WBA55UGI6, STM32WBA55UGI6TR, STM32WBA55UGI7, STM32WBA55UGI7TR, STM32WL5MOCH6, STM32WL5MOCH6TR]
2024-06-27 20:12:42,946 [INFO] DbMcus:218 - Found 4096 MCUs, 4096 are supported
2024-06-27 20:12:42,947 [INFO] ApiDb:423 - Load user favorites file C:\Users\vishn/.stm32cubeide/favorites.mcus.txt: 0 item(s)
2024-06-27 20:12:42,947 [INFO] ApiDb:427 - User favorites MCUs=[]
2024-06-27 20:12:42,947 [INFO] DbMcus:224 - Set 0 / 0 favorites MCUs
2024-06-27 20:12:43,160 [INFO] ApiDb:423 - Load user favorites file C:\Users\vishn/.stm32cubeide/favorites.boards.txt: 0 item(s)
2024-06-27 20:12:43,160 [INFO] ApiDb:427 - User favorites Boards=[]
2024-06-27 20:12:43,161 [INFO] DbBoards:198 - Set 0 / 0 favorites Boards
2024-06-27 20:12:43,161 [INFO] McuFinderGlobals:76 - Set McuFinderConnectedMode to true
2024-06-27 20:12:43,168 [INFO] MultiScanPanel:200 - Auto-refresh data requested => check proxy status ongoing
2024-06-27 20:12:43,170 [INFO] FinderPluginLoader:95 - Searching for filters in installed packs
2024-06-27 20:12:43,369 [WARN] PackLoader:240 - Cannot read IP mode file for STMicroelectronics.FP-SNS-FLIGHT1.5.0.2
2024-06-27 20:12:43,380 [WARN] PackLoader:240 - Cannot read IP mode file for STMicroelectronics.X-CUBE-BLE1.7.0.0
2024-06-27 20:12:43,386 [WARN] PackLoader:240 - Cannot read IP mode file for STMicroelectronics.FP-SNS-SMARTAG2.1.2.0
2024-06-27 20:12:43,391 [WARN] PackLoader:240 - Cannot read IP mode file for STMicroelectronics.FP-ATR-SIGFOX1.3.2.0
2024-06-27 20:12:43,396 [WARN] PackLoader:240 - Cannot read IP mode file for STMicroelectronics.FP-ATR-ASTRA1.2.0.0
2024-06-27 20:12:43,396 [INFO] ThirdParty:978 - Integrity check success = true
2024-06-27 20:12:43,397 [INFO] IntegrityCheckThread:100 - exiting critical section [integrity check]
2024-06-27 20:12:43,397 [INFO] IntegrityCheckThread:103 - End integrity checks thread
2024-06-27 20:12:44,242 [INFO] LoadUrlFilesThread:185 - End of LoadServerUrlFiles without Thread
2024-06-27 20:12:44,254 [INFO] DetailPanel:341 - Set advertising image to C:/Users/vishn/STM32Cube/Repository/\en.prom-stm32h7rs-mcu-finder.jpg
2024-06-27 20:12:48,062 [INFO] MultiScanPanel:200 - Auto-refresh data requested => check proxy status ongoing
2024-06-27 20:12:48,147 [INFO] LoadUrlFilesThread:185 - End of LoadServerUrlFiles without Thread
2024-06-27 20:12:48,147 [INFO] DetailPanel:341 - Set advertising image to C:/Users/vishn/STM32Cube/Repository/\en.prom-stm32h7rs-mcu-finder.jpg
2024-06-27 20:12:48,157 [INFO] DbBoards:642 - Loading board mini-images...
2024-06-27 20:12:49,602 [INFO] DbBoards:665 - Loaded 199 board mini-images
2024-06-27 20:13:20,240 [INFO] McuFinderGlobals:76 - Set McuFinderConnectedMode to true
2024-06-27 20:13:20,246 [INFO] ApiDb:448 - Save user favorites file C:\Users\vishn/.stm32cubeide/favorites.mcus.txt: 0 item(s)
2024-06-27 20:13:20,247 [INFO] ApiDb:452 - User favorites MCUs=[]
2024-06-27 20:13:20,251 [INFO] ApiDb:448 - Save user favorites file C:\Users\vishn/.stm32cubeide/favorites.boards.txt: 0 item(s)
2024-06-27 20:13:20,251 [INFO] ApiDb:452 - User favorites Boards=[]
2024-06-27 20:13:31,153 [ERROR] LogOutputStream:75 - [STDERR_REDIRECT] 
2024-06-27 20:14:30,756 [INFO] Activator:176 - 


2024-06-27 20:14:30,759 [INFO] Activator:177 - !SESSION log4j initialized
2024-06-27 20:14:33,331 [INFO] LogOutputStream:77 - [STDOUT_REDIRECT] 
2024-06-27 20:14:34,585 [INFO] ApplicationProperties:184 - Using Application install path: C:\ST\STM32CubeIDE_1.15.1\STM32CubeIDE\plugins\com.st.stm32cube.common.mx_6.11.1.202404110753
2024-06-27 20:14:34,600 [INFO] DbMcusXml:78 - Set database path to: C:\ST\STM32CubeIDE_1.15.1\STM32CubeIDE\plugins\com.st.stm32cube.common.mx_6.11.1.202404110753\\db\/mcu/
2024-06-27 20:14:34,600 [INFO] ApiDb:274 - Set plugin database path to: C:\ST\STM32CubeIDE_1.15.1\STM32CubeIDE\plugins\com.st.stm32cube.common.mx_6.11.1.202404110753\\db\/plugins/boardmanager/
2024-06-27 20:14:34,600 [WARN] ApiDb:259 - Overriding images path with different value:  => C:\ST\STM32CubeIDE_1.15.1\STM32CubeIDE\plugins\com.st.stm32cube.common.mx_6.11.1.202404110753\\db\/plugins/mcufinder/images/
2024-06-27 20:14:34,605 [INFO] ApiDb:250 - Set database path to: C:\Users\vishn\.stmcufinder\plugins\mcufinder//mcu/
2024-06-27 20:14:34,607 [INFO] DbMcusAds:125 - Set database path to: C:\Users\vishn\.stmcufinder\plugins\mcufinder//mcu/
2024-06-27 20:14:34,609 [INFO] CrossReferenceDbSqlite:203 - Set database path to: C:\Users\vishn\.stmcufinder\plugins\mcufinder//mcu/cs/
2024-06-27 20:14:34,703 [INFO] RulesReader:64 - Compatibility file has been processed (297 Rules)
2024-06-27 20:14:34,794 [INFO] DbMcusXml:78 - Set database path to: C:\ST\STM32CubeIDE_1.15.1\STM32CubeIDE\plugins\com.st.stm32cube.common.mx_6.11.1.202404110753\\db\/mcu/
2024-06-27 20:14:34,794 [INFO] ApiDb:274 - Set plugin database path to: C:\ST\STM32CubeIDE_1.15.1\STM32CubeIDE\plugins\com.st.stm32cube.common.mx_6.11.1.202404110753\\db\/plugins/boardmanager/
2024-06-27 20:14:34,794 [INFO] ApiDb:261 - Set plugin images path to: C:\ST\STM32CubeIDE_1.15.1\STM32CubeIDE\plugins\com.st.stm32cube.common.mx_6.11.1.202404110753\\db\/plugins/mcufinder/images/
2024-06-27 20:14:34,794 [WARN] DbFile:41 - Overriding database path with different value: C:\Users\vishn\.stmcufinder\plugins\mcufinder/ => C:\Users\vishn\.stmcufinder\plugins\mcufinder
2024-06-27 20:14:34,794 [INFO] ApiDb:250 - Set database path to: C:\Users\vishn\.stmcufinder\plugins\mcufinder//mcu/
2024-06-27 20:14:34,794 [WARN] DbFile:41 - Overriding database path with different value: C:\Users\vishn\.stmcufinder\plugins\mcufinder/ => C:\Users\vishn\.stmcufinder\plugins\mcufinder
2024-06-27 20:14:34,794 [INFO] DbMcusAds:125 - Set database path to: C:\Users\vishn\.stmcufinder\plugins\mcufinder//mcu/
2024-06-27 20:14:34,794 [WARN] DbFile:41 - Overriding database path with different value: C:\Users\vishn\.stmcufinder\plugins\mcufinder/ => C:\Users\vishn\.stmcufinder\plugins\mcufinder
2024-06-27 20:14:34,794 [WARN] DbFile:41 - Overriding database path with different value: C:\Users\vishn\.stmcufinder\plugins\mcufinder/ => C:\Users\vishn\.stmcufinder\plugins\mcufinder
2024-06-27 20:14:34,795 [INFO] CrossReferenceDbSqlite:203 - Set database path to: C:\Users\vishn\.stmcufinder\plugins\mcufinder//mcu/cs/
2024-06-27 20:14:34,867 [INFO] MainPanel:264 - HeapMemory: 268435456
2024-06-27 20:14:34,923 [INFO] DbMcusXml:78 - Set database path to: C:\ST\STM32CubeIDE_1.15.1\STM32CubeIDE\plugins\com.st.stm32cube.common.mx_6.11.1.202404110753\\db\/mcu/
2024-06-27 20:14:34,923 [INFO] ApiDb:274 - Set plugin database path to: C:\ST\STM32CubeIDE_1.15.1\STM32CubeIDE\plugins\com.st.stm32cube.common.mx_6.11.1.202404110753\\db\/plugins/boardmanager/
2024-06-27 20:14:34,923 [INFO] ApiDb:261 - Set plugin images path to: C:\ST\STM32CubeIDE_1.15.1\STM32CubeIDE\plugins\com.st.stm32cube.common.mx_6.11.1.202404110753\\db\/plugins/mcufinder/images/
2024-06-27 20:14:34,923 [WARN] DbFile:41 - Overriding database path with different value: C:\Users\vishn\.stmcufinder\plugins\mcufinder/ => C:\Users\vishn\.stmcufinder\plugins\mcufinder
2024-06-27 20:14:34,923 [INFO] ApiDb:250 - Set database path to: C:\Users\vishn\.stmcufinder\plugins\mcufinder//mcu/
2024-06-27 20:14:34,923 [WARN] DbFile:41 - Overriding database path with different value: C:\Users\vishn\.stmcufinder\plugins\mcufinder/ => C:\Users\vishn\.stmcufinder\plugins\mcufinder
2024-06-27 20:14:34,924 [INFO] DbMcusAds:125 - Set database path to: C:\Users\vishn\.stmcufinder\plugins\mcufinder//mcu/
2024-06-27 20:14:34,924 [WARN] DbFile:41 - Overriding database path with different value: C:\Users\vishn\.stmcufinder\plugins\mcufinder/ => C:\Users\vishn\.stmcufinder\plugins\mcufinder
2024-06-27 20:14:34,924 [WARN] DbFile:41 - Overriding database path with different value: C:\Users\vishn\.stmcufinder\plugins\mcufinder/ => C:\Users\vishn\.stmcufinder\plugins\mcufinder
2024-06-27 20:14:34,924 [INFO] CrossReferenceDbSqlite:203 - Set database path to: C:\Users\vishn\.stmcufinder\plugins\mcufinder//mcu/cs/
2024-06-27 20:14:34,941 [INFO] ApplicationProperties:184 - Using Application install path: C:\ST\STM32CubeIDE_1.15.1\STM32CubeIDE\plugins\com.st.stm32cube.common.mx_6.11.1.202404110753
2024-06-27 20:14:34,942 [INFO] PluginManage:196 - Search for loadable plugins [exclusion list=, ]
2024-06-27 20:14:34,943 [INFO] PluginManage:310 - Check plugin analytics
2024-06-27 20:14:35,079 [INFO] AnalyticsPlugin:253 - Accepted Software Licenses: 
2024-06-27 20:14:35,080 [INFO] AnalyticsPlugin:255 - Accepted CMSIS Pack Licenses: 
2024-06-27 20:14:35,080 [INFO] AnalyticsPlugin:257 - Accepted Firmware Licenses: 
2024-06-27 20:14:35,081 [INFO] PluginManage:359 - Loaded plugin analytics (category:tool,tabindex:-1)
2024-06-27 20:14:35,082 [INFO] PluginManage:310 - Check plugin cadmodel
2024-06-27 20:14:35,086 [INFO] CADModel:105 - Init CAD model plugin
2024-06-27 20:14:35,086 [INFO] PluginManage:359 - Loaded plugin cadmodel (category:power,tabindex:5)
2024-06-27 20:14:35,086 [INFO] PluginManage:310 - Check plugin clock
2024-06-27 20:14:35,094 [INFO] PluginManage:359 - Loaded plugin clock (category:base,tabindex:2)
2024-06-27 20:14:35,094 [INFO] PluginManage:310 - Check plugin ddr
2024-06-27 20:14:35,096 [INFO] PluginManage:359 - Loaded plugin ddr (category:tool,tabindex:6)
2024-06-27 20:14:35,096 [INFO] PluginManage:310 - Check plugin filemanager
2024-06-27 20:14:35,200 [INFO] PluginManage:359 - Loaded plugin filemanager (category:base,tabindex:10)
2024-06-27 20:14:35,201 [INFO] PluginManage:310 - Check plugin ipmanager
2024-06-27 20:14:35,209 [INFO] PluginManage:359 - Loaded plugin ipmanager (category:base,tabindex:5)
2024-06-27 20:14:35,209 [INFO] PluginManage:310 - Check plugin lpbam
2024-06-27 20:14:35,216 [INFO] PluginManage:359 - Loaded plugin lpbam (category:base,tabindex:0)
2024-06-27 20:14:35,216 [INFO] PluginManage:310 - Check plugin memorymap
2024-06-27 20:14:35,236 [INFO] PluginManage:359 - Loaded plugin memorymap (category:base,tabindex:4)
2024-06-27 20:14:35,236 [INFO] PluginManage:310 - Check plugin pinoutandconfiguration
2024-06-27 20:14:35,243 [INFO] PluginManage:359 - Loaded plugin pinoutandconfiguration (category:base,tabindex:1)
2024-06-27 20:14:35,243 [INFO] PluginManage:310 - Check plugin pinoutconfig
2024-06-27 20:14:35,324 [WARN] SupportedApi:132 - Cannot load RTOS API schema: s4s-elt-must-match.1: The content of 'definitions' must match (annotation?, (simpleType | complexType)?, (unique | key | keyref)*)). A problem was found starting at: attribute.
2024-06-27 20:14:35,426 [INFO] PluginManage:359 - Loaded plugin pinoutconfig (category:base,tabindex:0)
2024-06-27 20:14:35,426 [INFO] PluginManage:310 - Check plugin power
2024-06-27 20:14:35,433 [INFO] PluginManage:359 - Loaded plugin power (category:power,tabindex:4)
2024-06-27 20:14:35,433 [INFO] PluginManage:310 - Check plugin projectmanager
2024-06-27 20:14:35,445 [INFO] PluginManage:359 - Loaded plugin projectmanager (category:projectmanager,tabindex:3)
2024-06-27 20:14:35,445 [INFO] PluginManage:310 - Check plugin thirdparty
2024-06-27 20:14:35,535 [INFO] PluginManage:359 - Loaded plugin thirdparty (category:base,tabindex:-1)
2024-06-27 20:14:35,535 [WARN] IntegrityCheckThread:84 - waiting for thirdparty lock release [integrity check]
2024-06-27 20:14:35,535 [INFO] PluginManage:310 - Check plugin tools
2024-06-27 20:14:35,535 [INFO] IntegrityCheckThread:86 - entering critical section [integrity check]
2024-06-27 20:14:35,535 [INFO] ThirdPartyUpdaterWithRetryManager:70 - Updater plugin not ready yet. [1/15]
2024-06-27 20:14:35,537 [INFO] PluginManage:359 - Loaded plugin tools (category:base,tabindex:7)
2024-06-27 20:14:35,537 [INFO] PluginManage:310 - Check plugin tutovideos
2024-06-27 20:14:35,672 [INFO] PluginManage:359 - Loaded plugin tutovideos (category:base,tabindex:-1)
2024-06-27 20:14:35,672 [INFO] PluginManage:310 - Check plugin updater
2024-06-27 20:14:35,682 [INFO] PluginManage:359 - Loaded plugin updater (category:base,tabindex:12)
2024-06-27 20:14:35,682 [INFO] PluginManage:310 - Check plugin userauth
2024-06-27 20:14:35,686 [INFO] UserAuth:114 - Init User Auth plugin
2024-06-27 20:14:35,686 [INFO] PluginManage:359 - Loaded plugin userauth (category:base,tabindex:14)
2024-06-27 20:14:35,687 [INFO] PluginManage:283 - PluginManage : Loaded plugins [17]
2024-06-27 20:14:35,869 [INFO] PinOutPanel:1561 - setPackage(No Configuration,No Configuration)
2024-06-27 20:14:35,941 [INFO] CADModel:165 - CPN selected for project level
2024-06-27 20:14:35,941 [INFO] CADModel:114 - Register for checkConnection events
2024-06-27 20:14:35,954 [INFO] IPUIPlugin:80 - create IPUIPlugin
2024-06-27 20:14:35,955 [INFO] PluginManager:220 - loadIPPluginJar : add adc
2024-06-27 20:14:35,957 [INFO] IPUIPlugin:80 - create IPUIPlugin
2024-06-27 20:14:35,957 [INFO] PluginManager:220 - loadIPPluginJar : add aes
2024-06-27 20:14:35,959 [INFO] IPUIPlugin:80 - create IPUIPlugin
2024-06-27 20:14:35,959 [INFO] PluginManager:220 - loadIPPluginJar : add can
2024-06-27 20:14:35,961 [INFO] IPUIPlugin:80 - create IPUIPlugin
2024-06-27 20:14:35,961 [INFO] PluginManager:220 - loadIPPluginJar : add comp
2024-06-27 20:14:35,963 [INFO] IPUIPlugin:80 - create IPUIPlugin
2024-06-27 20:14:35,963 [INFO] PluginManager:220 - loadIPPluginJar : add cryp
2024-06-27 20:14:35,965 [INFO] IPUIPlugin:80 - create IPUIPlugin
2024-06-27 20:14:35,966 [INFO] PluginManager:220 - loadIPPluginJar : add dfsdm
2024-06-27 20:14:35,970 [INFO] IPUIPlugin:80 - create IPUIPlugin
2024-06-27 20:14:35,971 [INFO] PluginManager:220 - loadIPPluginJar : add dma
2024-06-27 20:14:35,974 [INFO] IPUIPlugin:80 - create IPUIPlugin
2024-06-27 20:14:35,974 [INFO] PluginManager:220 - loadIPPluginJar : add dma3
2024-06-27 20:14:35,977 [INFO] IPUIPlugin:80 - create IPUIPlugin
2024-06-27 20:14:35,977 [INFO] PluginManager:220 - loadIPPluginJar : add extmemmanager
2024-06-27 20:14:35,979 [INFO] IPUIPlugin:80 - create IPUIPlugin
2024-06-27 20:14:35,979 [INFO] PluginManager:220 - loadIPPluginJar : add fatfs
2024-06-27 20:14:35,984 [INFO] IPUIPlugin:80 - create IPUIPlugin
2024-06-27 20:14:35,984 [INFO] PluginManager:220 - loadIPPluginJar : add fmc
2024-06-27 20:14:35,989 [INFO] IPUIPlugin:80 - create IPUIPlugin
2024-06-27 20:14:35,990 [INFO] PluginManager:220 - loadIPPluginJar : add freertos
2024-06-27 20:14:35,991 [INFO] IPUIPlugin:80 - create IPUIPlugin
2024-06-27 20:14:35,991 [INFO] PluginManager:220 - loadIPPluginJar : add genericplugin
2024-06-27 20:14:35,993 [INFO] IPUIPlugin:80 - create IPUIPlugin
2024-06-27 20:14:35,994 [INFO] PluginManager:220 - loadIPPluginJar : add gfxmmu
2024-06-27 20:14:35,998 [INFO] IPUIPlugin:80 - create IPUIPlugin
2024-06-27 20:14:35,998 [INFO] PluginManager:220 - loadIPPluginJar : add gic
2024-06-27 20:14:36,002 [INFO] IPUIPlugin:80 - create IPUIPlugin
2024-06-27 20:14:36,002 [INFO] PluginManager:220 - loadIPPluginJar : add gpio
2024-06-27 20:14:36,005 [INFO] IPUIPlugin:80 - create IPUIPlugin
2024-06-27 20:14:36,005 [INFO] PluginManager:220 - loadIPPluginJar : add gtzc
2024-06-27 20:14:36,008 [INFO] IPUIPlugin:80 - create IPUIPlugin
2024-06-27 20:14:36,008 [INFO] PluginManager:220 - loadIPPluginJar : add hash
2024-06-27 20:14:36,013 [INFO] IPUIPlugin:80 - create IPUIPlugin
2024-06-27 20:14:36,013 [INFO] PluginManager:220 - loadIPPluginJar : add i2c
2024-06-27 20:14:36,016 [INFO] IPUIPlugin:80 - create IPUIPlugin
2024-06-27 20:14:36,016 [INFO] PluginManager:220 - loadIPPluginJar : add i2s
2024-06-27 20:14:36,019 [INFO] IPUIPlugin:80 - create IPUIPlugin
2024-06-27 20:14:36,019 [INFO] PluginManager:220 - loadIPPluginJar : add i3c
2024-06-27 20:14:36,022 [INFO] IPUIPlugin:80 - create IPUIPlugin
2024-06-27 20:14:36,023 [INFO] PluginManager:220 - loadIPPluginJar : add ipddr
2024-06-27 20:14:36,029 [INFO] IPUIPlugin:80 - create IPUIPlugin
2024-06-27 20:14:36,029 [INFO] PluginManager:220 - loadIPPluginJar : add linkedlist
2024-06-27 20:14:36,034 [INFO] IPUIPlugin:80 - create IPUIPlugin
2024-06-27 20:14:36,034 [INFO] PluginManager:220 - loadIPPluginJar : add lorawan
2024-06-27 20:14:36,036 [INFO] IPUIPlugin:80 - create IPUIPlugin
2024-06-27 20:14:36,036 [INFO] PluginManager:220 - loadIPPluginJar : add ltdc
2024-06-27 20:14:36,043 [INFO] IPUIPlugin:80 - create IPUIPlugin
2024-06-27 20:14:36,043 [INFO] PluginManager:220 - loadIPPluginJar : add mdma
2024-06-27 20:14:36,047 [INFO] IPUIPlugin:80 - create IPUIPlugin
2024-06-27 20:14:36,047 [INFO] PluginManager:220 - loadIPPluginJar : add nvic
2024-06-27 20:14:36,051 [INFO] IPUIPlugin:80 - create IPUIPlugin
2024-06-27 20:14:36,051 [INFO] PluginManager:220 - loadIPPluginJar : add opamp
2024-06-27 20:14:36,054 [INFO] IPUIPlugin:80 - create IPUIPlugin
2024-06-27 20:14:36,054 [INFO] PluginManager:220 - loadIPPluginJar : add openamp
2024-06-27 20:14:36,057 [INFO] IPUIPlugin:80 - create IPUIPlugin
2024-06-27 20:14:36,057 [INFO] PluginManager:220 - loadIPPluginJar : add pdm2pcm
2024-06-27 20:14:36,064 [INFO] IPUIPlugin:80 - create IPUIPlugin
2024-06-27 20:14:36,067 [INFO] PluginManager:220 - loadIPPluginJar : add plateformsettings
2024-06-27 20:14:36,069 [INFO] IPUIPlugin:80 - create IPUIPlugin
2024-06-27 20:14:36,069 [INFO] PluginManager:220 - loadIPPluginJar : add quadspi
2024-06-27 20:14:36,073 [INFO] IPUIPlugin:80 - create IPUIPlugin
2024-06-27 20:14:36,073 [INFO] PluginManager:220 - loadIPPluginJar : add resmgrutility
2024-06-27 20:14:36,076 [INFO] IPUIPlugin:80 - create IPUIPlugin
2024-06-27 20:14:36,076 [INFO] PluginManager:220 - loadIPPluginJar : add sai
2024-06-27 20:14:36,079 [INFO] IPUIPlugin:80 - create IPUIPlugin
2024-06-27 20:14:36,079 [INFO] PluginManager:220 - loadIPPluginJar : add spi
2024-06-27 20:14:36,085 [INFO] IPUIPlugin:80 - create IPUIPlugin
2024-06-27 20:14:36,085 [INFO] PluginManager:220 - loadIPPluginJar : add stm32_wpan
2024-06-27 20:14:36,087 [INFO] IPUIPlugin:80 - create IPUIPlugin
2024-06-27 20:14:36,087 [INFO] PluginManager:220 - loadIPPluginJar : add tim
2024-06-27 20:14:36,090 [INFO] IPUIPlugin:80 - create IPUIPlugin
2024-06-27 20:14:36,091 [INFO] PluginManager:220 - loadIPPluginJar : add touchsensing
2024-06-27 20:14:36,093 [INFO] IPUIPlugin:80 - create IPUIPlugin
2024-06-27 20:14:36,093 [INFO] PluginManager:220 - loadIPPluginJar : add tracer_emb
2024-06-27 20:14:36,095 [INFO] IPUIPlugin:80 - create IPUIPlugin
2024-06-27 20:14:36,095 [INFO] PluginManager:220 - loadIPPluginJar : add ts
2024-06-27 20:14:36,097 [INFO] IPUIPlugin:80 - create IPUIPlugin
2024-06-27 20:14:36,097 [INFO] PluginManager:220 - loadIPPluginJar : add tsc
2024-06-27 20:14:36,099 [INFO] IPUIPlugin:80 - create IPUIPlugin
2024-06-27 20:14:36,099 [INFO] PluginManager:220 - loadIPPluginJar : add ucpd
2024-06-27 20:14:36,102 [INFO] IPUIPlugin:80 - create IPUIPlugin
2024-06-27 20:14:36,103 [INFO] PluginManager:220 - loadIPPluginJar : add usart
2024-06-27 20:14:36,106 [INFO] IPUIPlugin:80 - create IPUIPlugin
2024-06-27 20:14:36,106 [INFO] PluginManager:220 - loadIPPluginJar : add usbx
2024-06-27 20:14:36,242 [INFO] CADModel:165 - CPN selected for project level
2024-06-27 20:14:36,242 [INFO] CADModel:114 - Register for checkConnection events
2024-06-27 20:14:36,242 [FATAL] Updater:308 - Updater called before beeing initialized
2024-06-27 20:14:36,242 [ERROR] CADModel:125 - Updater not yet initialized, retry later 
2024-06-27 20:14:36,373 [INFO] CADModel:165 - CPN selected for project level
2024-06-27 20:14:36,374 [INFO] CADModel:114 - Register for checkConnection events
2024-06-27 20:14:36,374 [FATAL] Updater:308 - Updater called before beeing initialized
2024-06-27 20:14:36,374 [ERROR] CADModel:125 - Updater not yet initialized, retry later 
2024-06-27 20:14:36,377 [FATAL] Updater:308 - Updater called before beeing initialized
2024-06-27 20:14:36,493 [FATAL] Updater:308 - Updater called before beeing initialized
2024-06-27 20:14:36,497 [INFO] DbMcusAds:53 - JSON generation date=Thu May 16 14:52:00 IST 2024 (1715851320852)
2024-06-27 20:14:36,497 [FATAL] Updater:308 - Updater called before beeing initialized
2024-06-27 20:14:36,529 [WARN] DetailPanel:346 - Failed to get advertising image, set to default
2024-06-27 20:14:36,611 [FATAL] Updater:308 - Updater called before beeing initialized
2024-06-27 20:14:36,612 [FATAL] Updater:308 - Updater called before beeing initialized
2024-06-27 20:14:36,612 [FATAL] Updater:308 - Updater called before beeing initialized
2024-06-27 20:14:36,613 [WARN] DetailPanel:346 - Failed to get advertising image, set to default
2024-06-27 20:14:36,613 [FATAL] Updater:308 - Updater called before beeing initialized
2024-06-27 20:14:36,654 [ERROR] Updater:1120 - MainUpdater not yet initialized. External WinMGr cannot be set.
2024-06-27 20:14:36,656 [INFO] Updater:1056 - Updater Version found : 6.11.1
2024-06-27 20:14:36,673 [INFO] ApplicationProperties:184 - Using Application install path: C:\ST\STM32CubeIDE_1.15.1\STM32CubeIDE\plugins\com.st.stm32cube.common.mx_6.11.1.202404110753
2024-06-27 20:14:38,240 [ERROR] LogOutputStream:75 - [STDERR_REDIRECT] Jun 27, 2024 8:14:38 PM java.util.prefs.WindowsPreferences <init>
2024-06-27 20:14:38,242 [ERROR] LogOutputStream:75 - [STDERR_REDIRECT] WARNING: Could not open/create prefs root node Software\JavaSoft\Prefs at root 0xffffffff80000002. Windows RegCreateKeyEx(...) returned error code 5.
2024-06-27 20:14:38,242 [ERROR] LogOutputStream:75 - [STDERR_REDIRECT] 
2024-06-27 20:14:38,536 [INFO] ThirdPartyUpdaterWithRetryManager:70 - Updater plugin not ready yet. [2/15]
2024-06-27 20:14:38,667 [INFO] MainUpdater:2873 - connection check result : 10
2024-06-27 20:14:38,668 [INFO] MainUpdater:290 - Updater Check For Update Now.
2024-06-27 20:14:38,668 [INFO] MicroXplorer:498 - Change Database Version : DB.6.0.111
2024-06-27 20:14:38,672 [INFO] McuFinderGlobals:63 - Set McuFinder mode to 2 (CubeIDE integrated)
2024-06-27 20:14:38,672 [INFO] UserAuth:179 - activating auth plugin
2024-06-27 20:14:38,674 [INFO] UserAuth:415 - Internet connection configuration mode: 1
2024-06-27 20:14:38,689 [INFO] JxBrowserEngine:152 - Initiate JxBrowser Engine with user profile folder
2024-06-27 20:14:38,840 [INFO] CheckServerUpdateThread:120 - End of CheckServer Thread
2024-06-27 20:14:39,370 [INFO] WebApp:161 - Instantiating new browser for Auth
2024-06-27 20:14:40,047 [INFO] WebApp:779 - Register for checkConnection events
2024-06-27 20:14:40,047 [INFO] WebApp:414 - Apply proxy settings
2024-06-27 20:14:40,047 [INFO] WebApp:499 - Chromium requires no authentication
2024-06-27 20:14:40,053 [INFO] WebApp:442 - Direct internet connection detected
2024-06-27 20:14:40,176 [INFO] WebApp:192 - Starting web application
2024-06-27 20:14:40,176 [INFO] WebApp:544 - Web application path used C:\ST\STM32CubeIDE_1.15.1\STM32CubeIDE\plugins\com.st.stm32cube.common.mx_6.11.1.202404110753\db\plugins\mcufinder\reactClient1\index.html
2024-06-27 20:14:41,645 [WARN] PackLoader:240 - Cannot read IP mode file for STMicroelectronics.FP-SNS-FLIGHT1.5.0.2
2024-06-27 20:14:41,655 [WARN] PackLoader:240 - Cannot read IP mode file for STMicroelectronics.X-CUBE-BLE1.7.0.0
2024-06-27 20:14:41,661 [WARN] PackLoader:240 - Cannot read IP mode file for STMicroelectronics.FP-SNS-SMARTAG2.1.2.0
2024-06-27 20:14:41,666 [WARN] PackLoader:240 - Cannot read IP mode file for STMicroelectronics.FP-ATR-SIGFOX1.3.2.0
2024-06-27 20:14:41,671 [WARN] PackLoader:240 - Cannot read IP mode file for STMicroelectronics.FP-ATR-ASTRA1.2.0.0
2024-06-27 20:14:41,672 [INFO] ThirdParty:978 - Integrity check success = true
2024-06-27 20:14:41,672 [INFO] IntegrityCheckThread:100 - exiting critical section [integrity check]
2024-06-27 20:14:41,672 [INFO] IntegrityCheckThread:103 - End integrity checks thread
2024-06-27 20:14:50,402 [INFO] McuFinderGlobals:63 - Set McuFinder mode to 2 (CubeIDE integrated)
2024-06-27 20:14:50,406 [INFO] MainUpdater:2873 - connection check result : 10
2024-06-27 20:14:50,657 [INFO] ApiDb:581 - Connected to CubeFinder SQLite database (C:\Users\vishn\.stmcufinder\plugins\mcufinder\mcu\cube-finder-db.db)
2024-06-27 20:14:50,740 [INFO] ApiDb:668 - CubeFinder database Data Model version=2.1
2024-06-27 20:14:50,741 [INFO] ApiDb:669 - CubeFinder database Configuration version=3.0.39
2024-06-27 20:14:50,741 [INFO] ApiDb:670 - CubeFinder database generation date=2024-06-05 (1717578087)
2024-06-27 20:14:50,741 [INFO] ApiDb:671 - CubeFinder database FW Pack versions=[FP-ATR-ASTRA1_V2.0.0, FP-SNS-FLIGHT1_V5.0.1, FP-SNS-FLIGHT1_V5.0.2, FP-SNS-MOTENV1_V4.3.1, FP-SNS-MOTENV1_V4.3.2, FP-SNS-MOTENV1_V5.0.0, FP-SNS-MOTENVWB1_V1.4.0, FP-SNS-SMARTAG2_V1.2.0, STM32Cube_FW_C0_V1.1.0, STM32Cube_FW_F4_V1.28.0, STM32Cube_FW_F7_V1.17.2, STM32Cube_FW_G0_V1.6.2, STM32Cube_FW_G4_V1.5.2, STM32Cube_FW_H5_V0.5.1, STM32Cube_FW_H5_V1.1.1, STM32Cube_FW_H5_V1.2.0, STM32Cube_FW_H5_V1.2.0RC4, STM32Cube_FW_H7RS_V1.0.0, STM32Cube_FW_H7RS_V1.0.0RC4, STM32Cube_FW_H7_V1.11.2, STM32Cube_FW_L0_V1.12.2, STM32Cube_FW_L5_V1.5.1, STM32Cube_FW_U0_V1.0.0, STM32Cube_FW_U0_V1.0.0RC1, STM32Cube_FW_U5_V1.3.0RC4, STM32Cube_FW_U5_V1.5.0, STM32Cube_FW_U5_V1.5.0RC1, STM32Cube_FW_WBA_V1.0.0RC1, STM32Cube_FW_WBA_V1.2.0, STM32Cube_FW_WBA_V1.2.0RC2, STM32Cube_FW_WBA_V1.3.0RC1, STM32Cube_FW_WBA_V1.3.1, STM32Cube_FW_WB_V1.15.0RC1, STM32Cube_FW_WB_V1.16.0, STM32Cube_FW_WB_V1.16.0RC2, STM32Cube_FW_WB_V1.18.0, STM32Cube_FW_WB_V1.19.0, STM32Cube_FW_WL_V1.3.0, X-CUBE-ALGOBUILD_V1.4.0, X-CUBE-ALS_V1.0.1, X-CUBE-ALS_V1.0.2, X-CUBE-AZRTOS-F4_V1.1.0, X-CUBE-AZRTOS-F7_V1.1.0, X-CUBE-AZRTOS-G0_V1.1.0, X-CUBE-AZRTOS-G4_V2.0.0, X-CUBE-AZRTOS-H7RS_V1.0.0, X-CUBE-AZRTOS-H7_V3.2.0, X-CUBE-AZRTOS-L4_V1.0.0, X-CUBE-AZRTOS-L4_V2.0.0, X-CUBE-AZRTOS-L5_V1.1.0, X-CUBE-AZRTOS-WB_V2.0.0, X-CUBE-AZRTOS-WL_V2.0.0, X-CUBE-BLE1_V7.0.0, X-CUBE-BLE2_V3.3.0, X-CUBE-BLEMGR_V3.1.0, X-CUBE-EEPRMA1_V4.1.0, X-CUBE-EEPRMA1_V5.1.0, X-CUBE-FREERTOS_V1.2.0, X-CUBE-GNSS1_V6.0.0, X-CUBE-MEMS1_V10.0.0, X-CUBE-MEMS1_V9.1.0, X-CUBE-MEMS1_V9.4.0, X-CUBE-MEMS1_V9.6.0, X-CUBE-NFC4_V3.0.0, X-CUBE-NFC7_V1.0.1, X-CUBE-SFXS2LP1_V4.0.0, X-CUBE-SUBG2_V5.0.0, X-CUBE-TOF1_V3.4.1]
2024-06-27 20:14:50,812 [INFO] DbBoardsSqlite:226 - include board P-NUCLEO-WB55-NUCLEO as a kit item of type 'Nucleo-64'
2024-06-27 20:14:50,812 [INFO] DbBoardsSqlite:226 - include board P-NUCLEO-WB55-USBDONGLE as a kit item of type 'Nucleo USB Dongle'
2024-06-27 20:14:50,812 [INFO] DbBoardsSqlite:226 - include board STEVAL-IDP005V1 as a kit item of type 'Evaluation Board'
2024-06-27 20:14:50,813 [INFO] DbBoardsSqlite:226 - include board STEVAL-IDP005V2 as a kit item of type 'Evaluation Board'
2024-06-27 20:14:50,890 [INFO] ApiDb:240 - Found 483 in-development CPN: [B-G473E-ZEST1S, B-WB1M-WPAN1, B-WL5M-SUBG1, NUCLEO-C031C6, NUCLEO-H503RB, NUCLEO-H533RE, NUCLEO-H563ZI, NUCLEO-H7S3L8, NUCLEO-U031R8, NUCLEO-U083RC, NUCLEO-U545RE-Q, NUCLEO-U5A5ZJ-Q, NUCLEO-WBA52CG, NUCLEO-WBA55CG, STEVAL-PROTEUS1, STEVAL-SMARTAG2, STEVAL-STWINBX1, STM320518-EVAL, STM32C0116-DK, STM32C011D6Y3TR, STM32C011D6Y6TR, STM32C011F4P3, STM32C011F4P6, STM32C011F4U3, STM32C011F4U6TR, STM32C011F6P3, STM32C011F6P6, STM32C011F6U3, STM32C011F6U6TR, STM32C011J4M3, STM32C011J4M6, STM32C011J6M3, STM32C011J6M6, STM32C0316-DK, STM32C031C4T3, STM32C031C4T6, STM32C031C4U3, STM32C031C4U6, STM32C031C6T3, STM32C031C6T6, STM32C031C6U3, STM32C031C6U6, STM32C031F4P3, STM32C031F4P6, STM32C031F6P3, STM32C031F6P6, STM32C031G4U3, STM32C031G4U6, STM32C031G6U3, STM32C031G6U6, STM32C031K4T3, STM32C031K4T6, STM32C031K4U3, STM32C031K4U6, STM32C031K6T3, STM32C031K6T6, STM32C031K6U3, STM32C031K6U6, STM32G071K8TXN, STM32G071K8UXN, STM32G081GBU6N, STM32G081KBT6N, STM32G081KBUXN, STM32G0B1CCT6N, STM32G0B1KCT6, STM32G0B1NEY6TR, STM32G0B1RCT6N, STM32G0C1CCT6, STM32G0C1CCT6N, STM32G0C1CCU6N, STM32G0C1CET6N, STM32G0C1CEU6N, STM32G0C1KCT6, STM32G0C1NEY6TR, STM32G0C1RCI6N, STM32G0C1RCT6N, STM32G0C1REI6N, STM32G0C1RET6N, STM32G0C1VCI6, STM32G0C1VEI6, STM32G471CCT6, STM32G471CCU6, STM32G471CET3, STM32G471CET6, STM32G471CEU3, STM32G471CEU6, STM32G471MCT6, STM32G471MET3, STM32G471MET6, STM32G471MEY6TR, STM32G471QCT6, STM32G471QET3, STM32G471RCT6, STM32G471RET3, STM32G471RET6, STM32G471VCH6, STM32G471VCI6, STM32G471VCT6, STM32G471VEH3, STM32G471VEH6, STM32G471VEI3, STM32G471VEI6, STM32G471VET3, STM32G471VET6, STM32G474CCT6, STM32H503CBT6, STM32H503CBU6, STM32H503EBY6TR, STM32H503KBU6, STM32H503RBT6, STM32H523CCT6, STM32H523CCU6, STM32H523CET6, STM32H523CEU6, STM32H523HEY6TR, STM32H523RCT6, STM32H523RET6, STM32H523VCI6, STM32H523VCT6, STM32H523VEI6, STM32H523VET6, STM32H523ZCJ6, STM32H523ZCT6, STM32H523ZEJ6, STM32H523ZET6, STM32H533CET6, STM32H533CEU6, STM32H533HEY6TR, STM32H533RET6, STM32H533VEI6, STM32H533VET6, STM32H533ZEJ6, STM32H533ZET6, STM32H562AGI6, STM32H562AII6, STM32H562IGK6, STM32H562IGT6, STM32H562IIK6, STM32H562IIT6, STM32H562RGT6, STM32H562RGV6, STM32H562RIT6, STM32H562RIV6, STM32H562VGT6, STM32H562VIT6, STM32H562ZGT6, STM32H562ZIT6, STM32H563AGI6, STM32H563AII3Q, STM32H563AII6, STM32H563IGK6, STM32H563IGT6, STM32H563IIK3Q, STM32H563IIK6, STM32H563IIT3Q, STM32H563IIT6, STM32H563MIY3QTR, STM32H563RGT6, STM32H563RGV6, STM32H563RIT6, STM32H563RIV6, STM32H563VGT6, STM32H563VIT3Q, STM32H563VIT6, STM32H563ZGT6, STM32H563ZIT3Q, STM32H563ZIT6, STM32H573AII3Q, STM32H573AII6, STM32H573I-DK, STM32H573IIK3Q, STM32H573IIK6, STM32H573IIT3Q, STM32H573IIT6, STM32H573MIY3QTR, STM32H573RIT6, STM32H573RIV6, STM32H573VIT3Q, STM32H573VIT6, STM32H573ZIT3Q, STM32H573ZIT6, STM32H7R3A8I6, STM32H7R3I8K6, STM32H7R3I8T6, STM32H7R3L8H6, STM32H7R3L8H6H, STM32H7R3R8V6, STM32H7R3V8H6, STM32H7R3V8T6, STM32H7R3V8Y6, STM32H7R3Z8J6, STM32H7R3Z8T6, STM32H7R7A8I6, STM32H7R7I8K6, STM32H7R7I8T6, STM32H7R7L8H6, STM32H7R7L8H6H, STM32H7R7Z8J6, STM32H7S3A8I6, STM32H7S3I8K6, STM32H7S3I8T6, STM32H7S3L8H6, STM32H7S3L8H6H, STM32H7S3R8V6, STM32H7S3V8H6, STM32H7S3V8T6, STM32H7S3V8Y6, STM32H7S3Z8J6, STM32H7S3Z8T6, STM32H7S78-DK, STM32H7S7A8I6, STM32H7S7I8K6, STM32H7S7I8T6, STM32H7S7L8H6, STM32H7S7L8H6H, STM32H7S7Z8J6, STM32L4R5QGI6STR, STM32MP131AAE3, STM32MP131AAF3, STM32MP131AAG3, STM32MP131CAE3, STM32MP131CAF3, STM32MP131CAG3, STM32MP131DAE7, STM32MP131DAF7, STM32MP131DAG7, STM32MP131FAE7, STM32MP131FAF7, STM32MP131FAG7, STM32MP133AAE3, STM32MP133AAF3, STM32MP133AAG3, STM32MP133CAE3, STM32MP133CAF3, STM32MP133CAG3, STM32MP133DAE7, STM32MP133DAF7, STM32MP133DAG7, STM32MP133FAE7, STM32MP133FAF7, STM32MP133FAG7, STM32MP135AAE3, STM32MP135AAF3, STM32MP135AAG3, STM32MP135CAE3, STM32MP135CAF3, STM32MP135CAG3, STM32MP135DAE7, STM32MP135DAF7, STM32MP135DAG7, STM32MP135F-DK, STM32MP135FAE7, STM32MP135FAF7, STM32MP135FAF7T, STM32MP135FAF7U, STM32MP135FAG7, STM32U031C6T6, STM32U031C6U6, STM32U031C8T6, STM32U031C8U6, STM32U031F4P6, STM32U031F6P6, STM32U031F8P6, STM32U031G6Y6TR, STM32U031G8Y6TR, STM32U031K4U6, STM32U031K6U6, STM32U031K8U6, STM32U031R6I6, STM32U031R6T6, STM32U031R8I6, STM32U031R8T6, STM32U073C8T6, STM32U073C8U6, STM32U073CBT6, STM32U073CBU6, STM32U073CCT6, STM32U073CCU6, STM32U073H8Y6TR, STM32U073HBY6TR, STM32U073HCY6TR, STM32U073K8U6, STM32U073KBU6, STM32U073KCU6, STM32U073M8I6, STM32U073M8T6, STM32U073MBI6, STM32U073MBT6, STM32U073MCI6, STM32U073MCT6, STM32U073R8I6, STM32U073R8T6, STM32U073RBI6, STM32U073RBT6, STM32U073RCI6, STM32U073RCT6, STM32U083C-DK, STM32U083CCT6, STM32U083CCU6, STM32U083HCY6TR, STM32U083KCU6, STM32U083MCI6, STM32U083MCT6, STM32U083RCI6, STM32U083RCT6, STM32U535CBT6, STM32U535CBT6Q, STM32U535CBU6, STM32U535CBU6Q, STM32U535CCT6, STM32U535CCT6Q, STM32U535CCU6, STM32U535CCU6Q, STM32U535CET6, STM32U535CET6Q, STM32U535CEU6, STM32U535CEU6Q, STM32U535JEY6QTR, STM32U535NCY6QTR, STM32U535NEY6QTR, STM32U535RBI6, STM32U535RBI6Q, STM32U535RBT6, STM32U535RBT6Q, STM32U535RCI6, STM32U535RCI6Q, STM32U535RCT6, STM32U535RCT6Q, STM32U535REI6, STM32U535REI6Q, STM32U535RET6, STM32U535RET6Q, STM32U535VCI6, STM32U535VCI6Q, STM32U535VCT6, STM32U535VCT6Q, STM32U535VEI6, STM32U535VEI6Q, STM32U535VET6, STM32U535VET6Q, STM32U545CET6, STM32U545CET6Q, STM32U545CEU6, STM32U545CEU6Q, STM32U545JEY6QTR, STM32U545NEY6QTR, STM32U545REI6, STM32U545REI6Q, STM32U545RET6, STM32U545RET6Q, STM32U545VEI6, STM32U545VEI6Q, STM32U545VET6, STM32U545VET6Q, STM32U595AIH6, STM32U595AIH6Q, STM32U595AJH6, STM32U595AJH6Q, STM32U595QII6, STM32U595QII6Q, STM32U595QJI6, STM32U595QJI6Q, STM32U595RIT6, STM32U595RIT6Q, STM32U595RJT6, STM32U595RJT6Q, STM32U595VIT6, STM32U595VIT6Q, STM32U595VJT6, STM32U595VJT6Q, STM32U595ZIT6, STM32U595ZIT6Q, STM32U595ZIY6QTR, STM32U595ZJT6, STM32U595ZJT6Q, STM32U595ZJY6QTR, STM32U599BJY6QTR, STM32U599NIH6Q, STM32U599NJH6Q, STM32U599VIT6Q, STM32U599VJT6, STM32U599VJT6Q, STM32U599ZIT6Q, STM32U599ZIY6QTR, STM32U599ZJT6Q, STM32U599ZJY6QTR, STM32U5A5AJH6, STM32U5A5AJH6Q, STM32U5A5QII3Q , STM32U5A5QJI6, STM32U5A5QJI6Q, STM32U5A5RJT6, STM32U5A5RJT6Q, STM32U5A5VJT6, STM32U5A5VJT6Q, STM32U5A5ZJT6, STM32U5A5ZJT6Q, STM32U5A5ZJY6QTR, STM32U5A9BJY6QTR, STM32U5A9J-DK, STM32U5A9NJH6Q, STM32U5A9VJT6Q, STM32U5A9ZJT6Q, STM32U5A9ZJY6QTR, STM32U5F7VIT6, STM32U5F7VIT6Q, STM32U5F7VJT6, STM32U5F7VJT6Q, STM32U5F9BJY6QTR, STM32U5F9NJH6Q, STM32U5F9VIT6Q, STM32U5F9VJT6Q, STM32U5F9ZIJ6QTR, STM32U5F9ZIT6Q, STM32U5F9ZJJ6QTR, STM32U5F9ZJT6Q, STM32U5G7VJT6, STM32U5G7VJT6Q, STM32U5G9BJY6QTR, STM32U5G9J-DK1, STM32U5G9J-DK2, STM32U5G9NJH6Q, STM32U5G9VJT6Q, STM32U5G9ZJJ6QTR, STM32U5G9ZJT6Q, STM32WB1MMCH6, STM32WBA50KEU6, STM32WBA50KEU6TR, STM32WBA50KGU6, STM32WBA50KGU6TR, STM32WBA52CEU6, STM32WBA52CEU6TR, STM32WBA52CEU7, STM32WBA52CEU7TR, STM32WBA52CGU6, STM32WBA52CGU6TR, STM32WBA52CGU6U, STM32WBA52CGU7, STM32WBA52CGU7TR, STM32WBA52KEU6, STM32WBA52KEU6TR, STM32WBA52KGU6, STM32WBA52KGU6TR, STM32WBA54CEU6, STM32WBA54CEU6TR, STM32WBA54CEU7, STM32WBA54CEU7TR, STM32WBA54CGU6, STM32WBA54CGU6TR, STM32WBA54CGU7, STM32WBA54CGU7TR, STM32WBA54KEU6, STM32WBA54KEU6TR, STM32WBA54KEU7, STM32WBA54KEU7TR, STM32WBA54KGU6, STM32WBA54KGU6TR, STM32WBA54KGU7, STM32WBA54KGU7TR, STM32WBA55CEU6, STM32WBA55CEU6TR, STM32WBA55CEU7, STM32WBA55CEU7TR, STM32WBA55CGU6, STM32WBA55CGU6TR, STM32WBA55CGU6U, STM32WBA55CGU7, STM32WBA55CGU7TR, STM32WBA55G-DK1, STM32WBA55HEF6, STM32WBA55HEF7, STM32WBA55HGF6, STM32WBA55HGF7, STM32WBA55UEI6, STM32WBA55UEI6TR, STM32WBA55UEI7, STM32WBA55UEI7TR, STM32WBA55UGI6, STM32WBA55UGI6TR, STM32WBA55UGI7, STM32WBA55UGI7TR, STM32WL5MOCH6, STM32WL5MOCH6TR]
2024-06-27 20:14:51,041 [INFO] BoardInfo:889 - No configuration file found for board P-NUCLEO-WB55
2024-06-27 20:14:51,041 [INFO] DbBoards:161 - Kit is not supported: P-NUCLEO-WB55
2024-06-27 20:14:51,045 [INFO] BoardInfo:889 - No configuration file found for board STEVAL-BFA001V1B
2024-06-27 20:14:51,046 [INFO] DbBoards:161 - Kit is not supported: STEVAL-BFA001V1B
2024-06-27 20:14:51,047 [INFO] BoardInfo:889 - No configuration file found for board STEVAL-BFA001V2B
2024-06-27 20:14:51,047 [INFO] DbBoards:161 - Kit is not supported: STEVAL-BFA001V2B
2024-06-27 20:14:51,140 [INFO] DbBoards:168 - Found 199 boards, 196 are supported
2024-06-27 20:14:51,140 [INFO] DbBoards:169 - Found 199 boards, 8 of them is supported for  Bsp
2024-06-27 20:14:51,143 [INFO] ApiDb:668 - CubeFinder database Data Model version=2.1
2024-06-27 20:14:51,143 [INFO] ApiDb:669 - CubeFinder database Configuration version=3.0.39
2024-06-27 20:14:51,143 [INFO] ApiDb:670 - CubeFinder database generation date=2024-06-05 (1717578087)
2024-06-27 20:14:51,143 [INFO] ApiDb:671 - CubeFinder database FW Pack versions=[FP-ATR-ASTRA1_V2.0.0, FP-SNS-FLIGHT1_V5.0.1, FP-SNS-FLIGHT1_V5.0.2, FP-SNS-MOTENV1_V4.3.1, FP-SNS-MOTENV1_V4.3.2, FP-SNS-MOTENV1_V5.0.0, FP-SNS-MOTENVWB1_V1.4.0, FP-SNS-SMARTAG2_V1.2.0, STM32Cube_FW_C0_V1.1.0, STM32Cube_FW_F4_V1.28.0, STM32Cube_FW_F7_V1.17.2, STM32Cube_FW_G0_V1.6.2, STM32Cube_FW_G4_V1.5.2, STM32Cube_FW_H5_V0.5.1, STM32Cube_FW_H5_V1.1.1, STM32Cube_FW_H5_V1.2.0, STM32Cube_FW_H5_V1.2.0RC4, STM32Cube_FW_H7RS_V1.0.0, STM32Cube_FW_H7RS_V1.0.0RC4, STM32Cube_FW_H7_V1.11.2, STM32Cube_FW_L0_V1.12.2, STM32Cube_FW_L5_V1.5.1, STM32Cube_FW_U0_V1.0.0, STM32Cube_FW_U0_V1.0.0RC1, STM32Cube_FW_U5_V1.3.0RC4, STM32Cube_FW_U5_V1.5.0, STM32Cube_FW_U5_V1.5.0RC1, STM32Cube_FW_WBA_V1.0.0RC1, STM32Cube_FW_WBA_V1.2.0, STM32Cube_FW_WBA_V1.2.0RC2, STM32Cube_FW_WBA_V1.3.0RC1, STM32Cube_FW_WBA_V1.3.1, STM32Cube_FW_WB_V1.15.0RC1, STM32Cube_FW_WB_V1.16.0, STM32Cube_FW_WB_V1.16.0RC2, STM32Cube_FW_WB_V1.18.0, STM32Cube_FW_WB_V1.19.0, STM32Cube_FW_WL_V1.3.0, X-CUBE-ALGOBUILD_V1.4.0, X-CUBE-ALS_V1.0.1, X-CUBE-ALS_V1.0.2, X-CUBE-AZRTOS-F4_V1.1.0, X-CUBE-AZRTOS-F7_V1.1.0, X-CUBE-AZRTOS-G0_V1.1.0, X-CUBE-AZRTOS-G4_V2.0.0, X-CUBE-AZRTOS-H7RS_V1.0.0, X-CUBE-AZRTOS-H7_V3.2.0, X-CUBE-AZRTOS-L4_V1.0.0, X-CUBE-AZRTOS-L4_V2.0.0, X-CUBE-AZRTOS-L5_V1.1.0, X-CUBE-AZRTOS-WB_V2.0.0, X-CUBE-AZRTOS-WL_V2.0.0, X-CUBE-BLE1_V7.0.0, X-CUBE-BLE2_V3.3.0, X-CUBE-BLEMGR_V3.1.0, X-CUBE-EEPRMA1_V4.1.0, X-CUBE-EEPRMA1_V5.1.0, X-CUBE-FREERTOS_V1.2.0, X-CUBE-GNSS1_V6.0.0, X-CUBE-MEMS1_V10.0.0, X-CUBE-MEMS1_V9.1.0, X-CUBE-MEMS1_V9.4.0, X-CUBE-MEMS1_V9.6.0, X-CUBE-NFC4_V3.0.0, X-CUBE-NFC7_V1.0.1, X-CUBE-SFXS2LP1_V4.0.0, X-CUBE-SUBG2_V5.0.0, X-CUBE-TOF1_V3.4.1]
2024-06-27 20:14:52,461 [INFO] ApiDb:240 - Found 483 in-development CPN: [B-G473E-ZEST1S, B-WB1M-WPAN1, B-WL5M-SUBG1, NUCLEO-C031C6, NUCLEO-H503RB, NUCLEO-H533RE, NUCLEO-H563ZI, NUCLEO-H7S3L8, NUCLEO-U031R8, NUCLEO-U083RC, NUCLEO-U545RE-Q, NUCLEO-U5A5ZJ-Q, NUCLEO-WBA52CG, NUCLEO-WBA55CG, STEVAL-PROTEUS1, STEVAL-SMARTAG2, STEVAL-STWINBX1, STM320518-EVAL, STM32C0116-DK, STM32C011D6Y3TR, STM32C011D6Y6TR, STM32C011F4P3, STM32C011F4P6, STM32C011F4U3, STM32C011F4U6TR, STM32C011F6P3, STM32C011F6P6, STM32C011F6U3, STM32C011F6U6TR, STM32C011J4M3, STM32C011J4M6, STM32C011J6M3, STM32C011J6M6, STM32C0316-DK, STM32C031C4T3, STM32C031C4T6, STM32C031C4U3, STM32C031C4U6, STM32C031C6T3, STM32C031C6T6, STM32C031C6U3, STM32C031C6U6, STM32C031F4P3, STM32C031F4P6, STM32C031F6P3, STM32C031F6P6, STM32C031G4U3, STM32C031G4U6, STM32C031G6U3, STM32C031G6U6, STM32C031K4T3, STM32C031K4T6, STM32C031K4U3, STM32C031K4U6, STM32C031K6T3, STM32C031K6T6, STM32C031K6U3, STM32C031K6U6, STM32G071K8TXN, STM32G071K8UXN, STM32G081GBU6N, STM32G081KBT6N, STM32G081KBUXN, STM32G0B1CCT6N, STM32G0B1KCT6, STM32G0B1NEY6TR, STM32G0B1RCT6N, STM32G0C1CCT6, STM32G0C1CCT6N, STM32G0C1CCU6N, STM32G0C1CET6N, STM32G0C1CEU6N, STM32G0C1KCT6, STM32G0C1NEY6TR, STM32G0C1RCI6N, STM32G0C1RCT6N, STM32G0C1REI6N, STM32G0C1RET6N, STM32G0C1VCI6, STM32G0C1VEI6, STM32G471CCT6, STM32G471CCU6, STM32G471CET3, STM32G471CET6, STM32G471CEU3, STM32G471CEU6, STM32G471MCT6, STM32G471MET3, STM32G471MET6, STM32G471MEY6TR, STM32G471QCT6, STM32G471QET3, STM32G471RCT6, STM32G471RET3, STM32G471RET6, STM32G471VCH6, STM32G471VCI6, STM32G471VCT6, STM32G471VEH3, STM32G471VEH6, STM32G471VEI3, STM32G471VEI6, STM32G471VET3, STM32G471VET6, STM32G474CCT6, STM32H503CBT6, STM32H503CBU6, STM32H503EBY6TR, STM32H503KBU6, STM32H503RBT6, STM32H523CCT6, STM32H523CCU6, STM32H523CET6, STM32H523CEU6, STM32H523HEY6TR, STM32H523RCT6, STM32H523RET6, STM32H523VCI6, STM32H523VCT6, STM32H523VEI6, STM32H523VET6, STM32H523ZCJ6, STM32H523ZCT6, STM32H523ZEJ6, STM32H523ZET6, STM32H533CET6, STM32H533CEU6, STM32H533HEY6TR, STM32H533RET6, STM32H533VEI6, STM32H533VET6, STM32H533ZEJ6, STM32H533ZET6, STM32H562AGI6, STM32H562AII6, STM32H562IGK6, STM32H562IGT6, STM32H562IIK6, STM32H562IIT6, STM32H562RGT6, STM32H562RGV6, STM32H562RIT6, STM32H562RIV6, STM32H562VGT6, STM32H562VIT6, STM32H562ZGT6, STM32H562ZIT6, STM32H563AGI6, STM32H563AII3Q, STM32H563AII6, STM32H563IGK6, STM32H563IGT6, STM32H563IIK3Q, STM32H563IIK6, STM32H563IIT3Q, STM32H563IIT6, STM32H563MIY3QTR, STM32H563RGT6, STM32H563RGV6, STM32H563RIT6, STM32H563RIV6, STM32H563VGT6, STM32H563VIT3Q, STM32H563VIT6, STM32H563ZGT6, STM32H563ZIT3Q, STM32H563ZIT6, STM32H573AII3Q, STM32H573AII6, STM32H573I-DK, STM32H573IIK3Q, STM32H573IIK6, STM32H573IIT3Q, STM32H573IIT6, STM32H573MIY3QTR, STM32H573RIT6, STM32H573RIV6, STM32H573VIT3Q, STM32H573VIT6, STM32H573ZIT3Q, STM32H573ZIT6, STM32H7R3A8I6, STM32H7R3I8K6, STM32H7R3I8T6, STM32H7R3L8H6, STM32H7R3L8H6H, STM32H7R3R8V6, STM32H7R3V8H6, STM32H7R3V8T6, STM32H7R3V8Y6, STM32H7R3Z8J6, STM32H7R3Z8T6, STM32H7R7A8I6, STM32H7R7I8K6, STM32H7R7I8T6, STM32H7R7L8H6, STM32H7R7L8H6H, STM32H7R7Z8J6, STM32H7S3A8I6, STM32H7S3I8K6, STM32H7S3I8T6, STM32H7S3L8H6, STM32H7S3L8H6H, STM32H7S3R8V6, STM32H7S3V8H6, STM32H7S3V8T6, STM32H7S3V8Y6, STM32H7S3Z8J6, STM32H7S3Z8T6, STM32H7S78-DK, STM32H7S7A8I6, STM32H7S7I8K6, STM32H7S7I8T6, STM32H7S7L8H6, STM32H7S7L8H6H, STM32H7S7Z8J6, STM32L4R5QGI6STR, STM32MP131AAE3, STM32MP131AAF3, STM32MP131AAG3, STM32MP131CAE3, STM32MP131CAF3, STM32MP131CAG3, STM32MP131DAE7, STM32MP131DAF7, STM32MP131DAG7, STM32MP131FAE7, STM32MP131FAF7, STM32MP131FAG7, STM32MP133AAE3, STM32MP133AAF3, STM32MP133AAG3, STM32MP133CAE3, STM32MP133CAF3, STM32MP133CAG3, STM32MP133DAE7, STM32MP133DAF7, STM32MP133DAG7, STM32MP133FAE7, STM32MP133FAF7, STM32MP133FAG7, STM32MP135AAE3, STM32MP135AAF3, STM32MP135AAG3, STM32MP135CAE3, STM32MP135CAF3, STM32MP135CAG3, STM32MP135DAE7, STM32MP135DAF7, STM32MP135DAG7, STM32MP135F-DK, STM32MP135FAE7, STM32MP135FAF7, STM32MP135FAF7T, STM32MP135FAF7U, STM32MP135FAG7, STM32U031C6T6, STM32U031C6U6, STM32U031C8T6, STM32U031C8U6, STM32U031F4P6, STM32U031F6P6, STM32U031F8P6, STM32U031G6Y6TR, STM32U031G8Y6TR, STM32U031K4U6, STM32U031K6U6, STM32U031K8U6, STM32U031R6I6, STM32U031R6T6, STM32U031R8I6, STM32U031R8T6, STM32U073C8T6, STM32U073C8U6, STM32U073CBT6, STM32U073CBU6, STM32U073CCT6, STM32U073CCU6, STM32U073H8Y6TR, STM32U073HBY6TR, STM32U073HCY6TR, STM32U073K8U6, STM32U073KBU6, STM32U073KCU6, STM32U073M8I6, STM32U073M8T6, STM32U073MBI6, STM32U073MBT6, STM32U073MCI6, STM32U073MCT6, STM32U073R8I6, STM32U073R8T6, STM32U073RBI6, STM32U073RBT6, STM32U073RCI6, STM32U073RCT6, STM32U083C-DK, STM32U083CCT6, STM32U083CCU6, STM32U083HCY6TR, STM32U083KCU6, STM32U083MCI6, STM32U083MCT6, STM32U083RCI6, STM32U083RCT6, STM32U535CBT6, STM32U535CBT6Q, STM32U535CBU6, STM32U535CBU6Q, STM32U535CCT6, STM32U535CCT6Q, STM32U535CCU6, STM32U535CCU6Q, STM32U535CET6, STM32U535CET6Q, STM32U535CEU6, STM32U535CEU6Q, STM32U535JEY6QTR, STM32U535NCY6QTR, STM32U535NEY6QTR, STM32U535RBI6, STM32U535RBI6Q, STM32U535RBT6, STM32U535RBT6Q, STM32U535RCI6, STM32U535RCI6Q, STM32U535RCT6, STM32U535RCT6Q, STM32U535REI6, STM32U535REI6Q, STM32U535RET6, STM32U535RET6Q, STM32U535VCI6, STM32U535VCI6Q, STM32U535VCT6, STM32U535VCT6Q, STM32U535VEI6, STM32U535VEI6Q, STM32U535VET6, STM32U535VET6Q, STM32U545CET6, STM32U545CET6Q, STM32U545CEU6, STM32U545CEU6Q, STM32U545JEY6QTR, STM32U545NEY6QTR, STM32U545REI6, STM32U545REI6Q, STM32U545RET6, STM32U545RET6Q, STM32U545VEI6, STM32U545VEI6Q, STM32U545VET6, STM32U545VET6Q, STM32U595AIH6, STM32U595AIH6Q, STM32U595AJH6, STM32U595AJH6Q, STM32U595QII6, STM32U595QII6Q, STM32U595QJI6, STM32U595QJI6Q, STM32U595RIT6, STM32U595RIT6Q, STM32U595RJT6, STM32U595RJT6Q, STM32U595VIT6, STM32U595VIT6Q, STM32U595VJT6, STM32U595VJT6Q, STM32U595ZIT6, STM32U595ZIT6Q, STM32U595ZIY6QTR, STM32U595ZJT6, STM32U595ZJT6Q, STM32U595ZJY6QTR, STM32U599BJY6QTR, STM32U599NIH6Q, STM32U599NJH6Q, STM32U599VIT6Q, STM32U599VJT6, STM32U599VJT6Q, STM32U599ZIT6Q, STM32U599ZIY6QTR, STM32U599ZJT6Q, STM32U599ZJY6QTR, STM32U5A5AJH6, STM32U5A5AJH6Q, STM32U5A5QII3Q , STM32U5A5QJI6, STM32U5A5QJI6Q, STM32U5A5RJT6, STM32U5A5RJT6Q, STM32U5A5VJT6, STM32U5A5VJT6Q, STM32U5A5ZJT6, STM32U5A5ZJT6Q, STM32U5A5ZJY6QTR, STM32U5A9BJY6QTR, STM32U5A9J-DK, STM32U5A9NJH6Q, STM32U5A9VJT6Q, STM32U5A9ZJT6Q, STM32U5A9ZJY6QTR, STM32U5F7VIT6, STM32U5F7VIT6Q, STM32U5F7VJT6, STM32U5F7VJT6Q, STM32U5F9BJY6QTR, STM32U5F9NJH6Q, STM32U5F9VIT6Q, STM32U5F9VJT6Q, STM32U5F9ZIJ6QTR, STM32U5F9ZIT6Q, STM32U5F9ZJJ6QTR, STM32U5F9ZJT6Q, STM32U5G7VJT6, STM32U5G7VJT6Q, STM32U5G9BJY6QTR, STM32U5G9J-DK1, STM32U5G9J-DK2, STM32U5G9NJH6Q, STM32U5G9VJT6Q, STM32U5G9ZJJ6QTR, STM32U5G9ZJT6Q, STM32WB1MMCH6, STM32WBA50KEU6, STM32WBA50KEU6TR, STM32WBA50KGU6, STM32WBA50KGU6TR, STM32WBA52CEU6, STM32WBA52CEU6TR, STM32WBA52CEU7, STM32WBA52CEU7TR, STM32WBA52CGU6, STM32WBA52CGU6TR, STM32WBA52CGU6U, STM32WBA52CGU7, STM32WBA52CGU7TR, STM32WBA52KEU6, STM32WBA52KEU6TR, STM32WBA52KGU6, STM32WBA52KGU6TR, STM32WBA54CEU6, STM32WBA54CEU6TR, STM32WBA54CEU7, STM32WBA54CEU7TR, STM32WBA54CGU6, STM32WBA54CGU6TR, STM32WBA54CGU7, STM32WBA54CGU7TR, STM32WBA54KEU6, STM32WBA54KEU6TR, STM32WBA54KEU7, STM32WBA54KEU7TR, STM32WBA54KGU6, STM32WBA54KGU6TR, STM32WBA54KGU7, STM32WBA54KGU7TR, STM32WBA55CEU6, STM32WBA55CEU6TR, STM32WBA55CEU7, STM32WBA55CEU7TR, STM32WBA55CGU6, STM32WBA55CGU6TR, STM32WBA55CGU6U, STM32WBA55CGU7, STM32WBA55CGU7TR, STM32WBA55G-DK1, STM32WBA55HEF6, STM32WBA55HEF7, STM32WBA55HGF6, STM32WBA55HGF7, STM32WBA55UEI6, STM32WBA55UEI6TR, STM32WBA55UEI7, STM32WBA55UEI7TR, STM32WBA55UGI6, STM32WBA55UGI6TR, STM32WBA55UGI7, STM32WBA55UGI7TR, STM32WL5MOCH6, STM32WL5MOCH6TR]
2024-06-27 20:14:52,465 [INFO] DbMcus:218 - Found 4096 MCUs, 4096 are supported
2024-06-27 20:14:52,466 [INFO] ApiDb:423 - Load user favorites file C:\Users\vishn/.stm32cubeide/favorites.mcus.txt: 0 item(s)
2024-06-27 20:14:52,466 [INFO] ApiDb:427 - User favorites MCUs=[]
2024-06-27 20:14:52,466 [INFO] DbMcus:224 - Set 0 / 0 favorites MCUs
2024-06-27 20:14:52,667 [INFO] ApiDb:423 - Load user favorites file C:\Users\vishn/.stm32cubeide/favorites.boards.txt: 0 item(s)
2024-06-27 20:14:52,668 [INFO] ApiDb:427 - User favorites Boards=[]
2024-06-27 20:14:52,668 [INFO] DbBoards:198 - Set 0 / 0 favorites Boards
2024-06-27 20:14:52,668 [INFO] McuFinderGlobals:76 - Set McuFinderConnectedMode to true
2024-06-27 20:14:52,674 [INFO] MultiScanPanel:200 - Auto-refresh data requested => check proxy status ongoing
2024-06-27 20:14:52,675 [INFO] FinderPluginLoader:95 - Searching for filters in installed packs
2024-06-27 20:14:53,590 [INFO] LoadUrlFilesThread:185 - End of LoadServerUrlFiles without Thread
2024-06-27 20:14:53,599 [INFO] DetailPanel:341 - Set advertising image to C:/Users/vishn/STM32Cube/Repository/\en.prom-stm32h7rs-mcu-finder.jpg
2024-06-27 20:14:56,938 [INFO] MultiScanPanel:200 - Auto-refresh data requested => check proxy status ongoing
2024-06-27 20:14:57,024 [INFO] LoadUrlFilesThread:185 - End of LoadServerUrlFiles without Thread
2024-06-27 20:14:57,025 [INFO] DetailPanel:341 - Set advertising image to C:/Users/vishn/STM32Cube/Repository/\en.prom-stm32h7rs-mcu-finder.jpg
2024-06-27 20:14:57,033 [INFO] DbBoards:642 - Loading board mini-images...
2024-06-27 20:14:58,425 [INFO] DbBoards:665 - Loaded 199 board mini-images
2024-06-27 20:15:22,973 [INFO] McuFinderGlobals:76 - Set McuFinderConnectedMode to true
2024-06-27 20:15:22,979 [INFO] ApiDb:448 - Save user favorites file C:\Users\vishn/.stm32cubeide/favorites.mcus.txt: 0 item(s)
2024-06-27 20:15:22,979 [INFO] ApiDb:452 - User favorites MCUs=[]
2024-06-27 20:15:22,983 [INFO] ApiDb:448 - Save user favorites file C:\Users\vishn/.stm32cubeide/favorites.boards.txt: 0 item(s)
2024-06-27 20:15:22,983 [INFO] ApiDb:452 - User favorites Boards=[]
2024-06-27 20:29:53,033 [ERROR] LogOutputStream:75 - [STDERR_REDIRECT] 
2024-06-27 20:30:59,565 [INFO] Activator:176 - 


2024-06-27 20:30:59,567 [INFO] Activator:177 - !SESSION log4j initialized
2024-06-27 20:31:03,854 [INFO] LogOutputStream:77 - [STDOUT_REDIRECT] 
2024-06-27 20:31:04,569 [INFO] ApplicationProperties:184 - Using Application install path: C:\ST\STM32CubeIDE_1.15.1\STM32CubeIDE\plugins\com.st.stm32cube.common.mx_6.11.1.202404110753
2024-06-27 20:31:04,581 [INFO] DbMcusXml:78 - Set database path to: C:\ST\STM32CubeIDE_1.15.1\STM32CubeIDE\plugins\com.st.stm32cube.common.mx_6.11.1.202404110753\\db\/mcu/
2024-06-27 20:31:04,581 [INFO] ApiDb:274 - Set plugin database path to: C:\ST\STM32CubeIDE_1.15.1\STM32CubeIDE\plugins\com.st.stm32cube.common.mx_6.11.1.202404110753\\db\/plugins/boardmanager/
2024-06-27 20:31:04,582 [WARN] ApiDb:259 - Overriding images path with different value:  => C:\ST\STM32CubeIDE_1.15.1\STM32CubeIDE\plugins\com.st.stm32cube.common.mx_6.11.1.202404110753\\db\/plugins/mcufinder/images/
2024-06-27 20:31:04,587 [INFO] ApiDb:250 - Set database path to: C:\Users\vishn\.stmcufinder\plugins\mcufinder//mcu/
2024-06-27 20:31:04,588 [INFO] DbMcusAds:125 - Set database path to: C:\Users\vishn\.stmcufinder\plugins\mcufinder//mcu/
2024-06-27 20:31:04,589 [INFO] CrossReferenceDbSqlite:203 - Set database path to: C:\Users\vishn\.stmcufinder\plugins\mcufinder//mcu/cs/
2024-06-27 20:31:04,668 [INFO] RulesReader:64 - Compatibility file has been processed (297 Rules)
2024-06-27 20:31:04,751 [INFO] DbMcusXml:78 - Set database path to: C:\ST\STM32CubeIDE_1.15.1\STM32CubeIDE\plugins\com.st.stm32cube.common.mx_6.11.1.202404110753\\db\/mcu/
2024-06-27 20:31:04,751 [INFO] ApiDb:274 - Set plugin database path to: C:\ST\STM32CubeIDE_1.15.1\STM32CubeIDE\plugins\com.st.stm32cube.common.mx_6.11.1.202404110753\\db\/plugins/boardmanager/
2024-06-27 20:31:04,751 [INFO] ApiDb:261 - Set plugin images path to: C:\ST\STM32CubeIDE_1.15.1\STM32CubeIDE\plugins\com.st.stm32cube.common.mx_6.11.1.202404110753\\db\/plugins/mcufinder/images/
2024-06-27 20:31:04,752 [WARN] DbFile:41 - Overriding database path with different value: C:\Users\vishn\.stmcufinder\plugins\mcufinder/ => C:\Users\vishn\.stmcufinder\plugins\mcufinder
2024-06-27 20:31:04,752 [INFO] ApiDb:250 - Set database path to: C:\Users\vishn\.stmcufinder\plugins\mcufinder//mcu/
2024-06-27 20:31:04,752 [WARN] DbFile:41 - Overriding database path with different value: C:\Users\vishn\.stmcufinder\plugins\mcufinder/ => C:\Users\vishn\.stmcufinder\plugins\mcufinder
2024-06-27 20:31:04,752 [INFO] DbMcusAds:125 - Set database path to: C:\Users\vishn\.stmcufinder\plugins\mcufinder//mcu/
2024-06-27 20:31:04,752 [WARN] DbFile:41 - Overriding database path with different value: C:\Users\vishn\.stmcufinder\plugins\mcufinder/ => C:\Users\vishn\.stmcufinder\plugins\mcufinder
2024-06-27 20:31:04,752 [WARN] DbFile:41 - Overriding database path with different value: C:\Users\vishn\.stmcufinder\plugins\mcufinder/ => C:\Users\vishn\.stmcufinder\plugins\mcufinder
2024-06-27 20:31:04,752 [INFO] CrossReferenceDbSqlite:203 - Set database path to: C:\Users\vishn\.stmcufinder\plugins\mcufinder//mcu/cs/
2024-06-27 20:31:04,814 [INFO] MainPanel:264 - HeapMemory: 268435456
2024-06-27 20:31:04,867 [INFO] DbMcusXml:78 - Set database path to: C:\ST\STM32CubeIDE_1.15.1\STM32CubeIDE\plugins\com.st.stm32cube.common.mx_6.11.1.202404110753\\db\/mcu/
2024-06-27 20:31:04,867 [INFO] ApiDb:274 - Set plugin database path to: C:\ST\STM32CubeIDE_1.15.1\STM32CubeIDE\plugins\com.st.stm32cube.common.mx_6.11.1.202404110753\\db\/plugins/boardmanager/
2024-06-27 20:31:04,867 [INFO] ApiDb:261 - Set plugin images path to: C:\ST\STM32CubeIDE_1.15.1\STM32CubeIDE\plugins\com.st.stm32cube.common.mx_6.11.1.202404110753\\db\/plugins/mcufinder/images/
2024-06-27 20:31:04,867 [WARN] DbFile:41 - Overriding database path with different value: C:\Users\vishn\.stmcufinder\plugins\mcufinder/ => C:\Users\vishn\.stmcufinder\plugins\mcufinder
2024-06-27 20:31:04,867 [INFO] ApiDb:250 - Set database path to: C:\Users\vishn\.stmcufinder\plugins\mcufinder//mcu/
2024-06-27 20:31:04,867 [WARN] DbFile:41 - Overriding database path with different value: C:\Users\vishn\.stmcufinder\plugins\mcufinder/ => C:\Users\vishn\.stmcufinder\plugins\mcufinder
2024-06-27 20:31:04,867 [INFO] DbMcusAds:125 - Set database path to: C:\Users\vishn\.stmcufinder\plugins\mcufinder//mcu/
2024-06-27 20:31:04,868 [WARN] DbFile:41 - Overriding database path with different value: C:\Users\vishn\.stmcufinder\plugins\mcufinder/ => C:\Users\vishn\.stmcufinder\plugins\mcufinder
2024-06-27 20:31:04,868 [WARN] DbFile:41 - Overriding database path with different value: C:\Users\vishn\.stmcufinder\plugins\mcufinder/ => C:\Users\vishn\.stmcufinder\plugins\mcufinder
2024-06-27 20:31:04,868 [INFO] CrossReferenceDbSqlite:203 - Set database path to: C:\Users\vishn\.stmcufinder\plugins\mcufinder//mcu/cs/
2024-06-27 20:31:04,885 [INFO] ApplicationProperties:184 - Using Application install path: C:\ST\STM32CubeIDE_1.15.1\STM32CubeIDE\plugins\com.st.stm32cube.common.mx_6.11.1.202404110753
2024-06-27 20:31:04,886 [INFO] PluginManage:196 - Search for loadable plugins [exclusion list=, ]
2024-06-27 20:31:04,887 [INFO] PluginManage:310 - Check plugin analytics
2024-06-27 20:31:05,018 [INFO] AnalyticsPlugin:253 - Accepted Software Licenses: 
2024-06-27 20:31:05,019 [INFO] AnalyticsPlugin:255 - Accepted CMSIS Pack Licenses: 
2024-06-27 20:31:05,019 [INFO] AnalyticsPlugin:257 - Accepted Firmware Licenses: 
2024-06-27 20:31:05,022 [INFO] PluginManage:359 - Loaded plugin analytics (category:tool,tabindex:-1)
2024-06-27 20:31:05,022 [INFO] PluginManage:310 - Check plugin cadmodel
2024-06-27 20:31:05,027 [INFO] CADModel:105 - Init CAD model plugin
2024-06-27 20:31:05,027 [INFO] PluginManage:359 - Loaded plugin cadmodel (category:power,tabindex:5)
2024-06-27 20:31:05,027 [INFO] PluginManage:310 - Check plugin clock
2024-06-27 20:31:05,035 [INFO] PluginManage:359 - Loaded plugin clock (category:base,tabindex:2)
2024-06-27 20:31:05,035 [INFO] PluginManage:310 - Check plugin ddr
2024-06-27 20:31:05,037 [INFO] PluginManage:359 - Loaded plugin ddr (category:tool,tabindex:6)
2024-06-27 20:31:05,037 [INFO] PluginManage:310 - Check plugin filemanager
2024-06-27 20:31:05,144 [INFO] PluginManage:359 - Loaded plugin filemanager (category:base,tabindex:10)
2024-06-27 20:31:05,144 [INFO] PluginManage:310 - Check plugin ipmanager
2024-06-27 20:31:05,153 [INFO] PluginManage:359 - Loaded plugin ipmanager (category:base,tabindex:5)
2024-06-27 20:31:05,153 [INFO] PluginManage:310 - Check plugin lpbam
2024-06-27 20:31:05,160 [INFO] PluginManage:359 - Loaded plugin lpbam (category:base,tabindex:0)
2024-06-27 20:31:05,160 [INFO] PluginManage:310 - Check plugin memorymap
2024-06-27 20:31:05,169 [INFO] PluginManage:359 - Loaded plugin memorymap (category:base,tabindex:4)
2024-06-27 20:31:05,169 [INFO] PluginManage:310 - Check plugin pinoutandconfiguration
2024-06-27 20:31:05,174 [INFO] PluginManage:359 - Loaded plugin pinoutandconfiguration (category:base,tabindex:1)
2024-06-27 20:31:05,174 [INFO] PluginManage:310 - Check plugin pinoutconfig
2024-06-27 20:31:05,238 [WARN] SupportedApi:132 - Cannot load RTOS API schema: s4s-elt-must-match.1: The content of 'definitions' must match (annotation?, (simpleType | complexType)?, (unique | key | keyref)*)). A problem was found starting at: attribute.
2024-06-27 20:31:05,326 [INFO] PluginManage:359 - Loaded plugin pinoutconfig (category:base,tabindex:0)
2024-06-27 20:31:05,327 [INFO] PluginManage:310 - Check plugin power
2024-06-27 20:31:05,334 [INFO] PluginManage:359 - Loaded plugin power (category:power,tabindex:4)
2024-06-27 20:31:05,334 [INFO] PluginManage:310 - Check plugin projectmanager
2024-06-27 20:31:05,346 [INFO] PluginManage:359 - Loaded plugin projectmanager (category:projectmanager,tabindex:3)
2024-06-27 20:31:05,346 [INFO] PluginManage:310 - Check plugin thirdparty
2024-06-27 20:31:05,427 [INFO] PluginManage:359 - Loaded plugin thirdparty (category:base,tabindex:-1)
2024-06-27 20:31:05,427 [WARN] IntegrityCheckThread:84 - waiting for thirdparty lock release [integrity check]
2024-06-27 20:31:05,427 [INFO] PluginManage:310 - Check plugin tools
2024-06-27 20:31:05,427 [INFO] IntegrityCheckThread:86 - entering critical section [integrity check]
2024-06-27 20:31:05,428 [INFO] ThirdPartyUpdaterWithRetryManager:70 - Updater plugin not ready yet. [1/15]
2024-06-27 20:31:05,430 [INFO] PluginManage:359 - Loaded plugin tools (category:base,tabindex:7)
2024-06-27 20:31:05,430 [INFO] PluginManage:310 - Check plugin tutovideos
2024-06-27 20:31:05,547 [INFO] PluginManage:359 - Loaded plugin tutovideos (category:base,tabindex:-1)
2024-06-27 20:31:05,547 [INFO] PluginManage:310 - Check plugin updater
2024-06-27 20:31:05,555 [INFO] PluginManage:359 - Loaded plugin updater (category:base,tabindex:12)
2024-06-27 20:31:05,555 [INFO] PluginManage:310 - Check plugin userauth
2024-06-27 20:31:05,559 [INFO] UserAuth:114 - Init User Auth plugin
2024-06-27 20:31:05,559 [INFO] PluginManage:359 - Loaded plugin userauth (category:base,tabindex:14)
2024-06-27 20:31:05,559 [INFO] PluginManage:283 - PluginManage : Loaded plugins [17]
2024-06-27 20:31:05,757 [INFO] PinOutPanel:1561 - setPackage(No Configuration,No Configuration)
2024-06-27 20:31:05,832 [INFO] CADModel:165 - CPN selected for project level
2024-06-27 20:31:05,832 [INFO] CADModel:114 - Register for checkConnection events
2024-06-27 20:31:05,844 [INFO] IPUIPlugin:80 - create IPUIPlugin
2024-06-27 20:31:05,844 [INFO] PluginManager:220 - loadIPPluginJar : add adc
2024-06-27 20:31:05,846 [INFO] IPUIPlugin:80 - create IPUIPlugin
2024-06-27 20:31:05,847 [INFO] PluginManager:220 - loadIPPluginJar : add aes
2024-06-27 20:31:05,849 [INFO] IPUIPlugin:80 - create IPUIPlugin
2024-06-27 20:31:05,849 [INFO] PluginManager:220 - loadIPPluginJar : add can
2024-06-27 20:31:05,850 [INFO] IPUIPlugin:80 - create IPUIPlugin
2024-06-27 20:31:05,850 [INFO] PluginManager:220 - loadIPPluginJar : add comp
2024-06-27 20:31:05,852 [INFO] IPUIPlugin:80 - create IPUIPlugin
2024-06-27 20:31:05,852 [INFO] PluginManager:220 - loadIPPluginJar : add cryp
2024-06-27 20:31:05,854 [INFO] IPUIPlugin:80 - create IPUIPlugin
2024-06-27 20:31:05,854 [INFO] PluginManager:220 - loadIPPluginJar : add dfsdm
2024-06-27 20:31:05,859 [INFO] IPUIPlugin:80 - create IPUIPlugin
2024-06-27 20:31:05,859 [INFO] PluginManager:220 - loadIPPluginJar : add dma
2024-06-27 20:31:05,861 [INFO] IPUIPlugin:80 - create IPUIPlugin
2024-06-27 20:31:05,861 [INFO] PluginManager:220 - loadIPPluginJar : add dma3
2024-06-27 20:31:05,863 [INFO] IPUIPlugin:80 - create IPUIPlugin
2024-06-27 20:31:05,863 [INFO] PluginManager:220 - loadIPPluginJar : add extmemmanager
2024-06-27 20:31:05,865 [INFO] IPUIPlugin:80 - create IPUIPlugin
2024-06-27 20:31:05,865 [INFO] PluginManager:220 - loadIPPluginJar : add fatfs
2024-06-27 20:31:05,868 [INFO] IPUIPlugin:80 - create IPUIPlugin
2024-06-27 20:31:05,868 [INFO] PluginManager:220 - loadIPPluginJar : add fmc
2024-06-27 20:31:05,872 [INFO] IPUIPlugin:80 - create IPUIPlugin
2024-06-27 20:31:05,872 [INFO] PluginManager:220 - loadIPPluginJar : add freertos
2024-06-27 20:31:05,873 [INFO] IPUIPlugin:80 - create IPUIPlugin
2024-06-27 20:31:05,873 [INFO] PluginManager:220 - loadIPPluginJar : add genericplugin
2024-06-27 20:31:05,875 [INFO] IPUIPlugin:80 - create IPUIPlugin
2024-06-27 20:31:05,875 [INFO] PluginManager:220 - loadIPPluginJar : add gfxmmu
2024-06-27 20:31:05,878 [INFO] IPUIPlugin:80 - create IPUIPlugin
2024-06-27 20:31:05,878 [INFO] PluginManager:220 - loadIPPluginJar : add gic
2024-06-27 20:31:05,881 [INFO] IPUIPlugin:80 - create IPUIPlugin
2024-06-27 20:31:05,881 [INFO] PluginManager:220 - loadIPPluginJar : add gpio
2024-06-27 20:31:05,883 [INFO] IPUIPlugin:80 - create IPUIPlugin
2024-06-27 20:31:05,883 [INFO] PluginManager:220 - loadIPPluginJar : add gtzc
2024-06-27 20:31:05,885 [INFO] IPUIPlugin:80 - create IPUIPlugin
2024-06-27 20:31:05,885 [INFO] PluginManager:220 - loadIPPluginJar : add hash
2024-06-27 20:31:05,887 [INFO] IPUIPlugin:80 - create IPUIPlugin
2024-06-27 20:31:05,887 [INFO] PluginManager:220 - loadIPPluginJar : add i2c
2024-06-27 20:31:05,888 [INFO] IPUIPlugin:80 - create IPUIPlugin
2024-06-27 20:31:05,889 [INFO] PluginManager:220 - loadIPPluginJar : add i2s
2024-06-27 20:31:05,890 [INFO] IPUIPlugin:80 - create IPUIPlugin
2024-06-27 20:31:05,891 [INFO] PluginManager:220 - loadIPPluginJar : add i3c
2024-06-27 20:31:05,893 [INFO] IPUIPlugin:80 - create IPUIPlugin
2024-06-27 20:31:05,893 [INFO] PluginManager:220 - loadIPPluginJar : add ipddr
2024-06-27 20:31:05,898 [INFO] IPUIPlugin:80 - create IPUIPlugin
2024-06-27 20:31:05,898 [INFO] PluginManager:220 - loadIPPluginJar : add linkedlist
2024-06-27 20:31:05,900 [INFO] IPUIPlugin:80 - create IPUIPlugin
2024-06-27 20:31:05,900 [INFO] PluginManager:220 - loadIPPluginJar : add lorawan
2024-06-27 20:31:05,902 [INFO] IPUIPlugin:80 - create IPUIPlugin
2024-06-27 20:31:05,902 [INFO] PluginManager:220 - loadIPPluginJar : add ltdc
2024-06-27 20:31:05,906 [INFO] IPUIPlugin:80 - create IPUIPlugin
2024-06-27 20:31:05,906 [INFO] PluginManager:220 - loadIPPluginJar : add mdma
2024-06-27 20:31:05,909 [INFO] IPUIPlugin:80 - create IPUIPlugin
2024-06-27 20:31:05,909 [INFO] PluginManager:220 - loadIPPluginJar : add nvic
2024-06-27 20:31:05,911 [INFO] IPUIPlugin:80 - create IPUIPlugin
2024-06-27 20:31:05,911 [INFO] PluginManager:220 - loadIPPluginJar : add opamp
2024-06-27 20:31:05,914 [INFO] IPUIPlugin:80 - create IPUIPlugin
2024-06-27 20:31:05,914 [INFO] PluginManager:220 - loadIPPluginJar : add openamp
2024-06-27 20:31:05,917 [INFO] IPUIPlugin:80 - create IPUIPlugin
2024-06-27 20:31:05,917 [INFO] PluginManager:220 - loadIPPluginJar : add pdm2pcm
2024-06-27 20:31:05,922 [INFO] IPUIPlugin:80 - create IPUIPlugin
2024-06-27 20:31:05,924 [INFO] PluginManager:220 - loadIPPluginJar : add plateformsettings
2024-06-27 20:31:05,926 [INFO] IPUIPlugin:80 - create IPUIPlugin
2024-06-27 20:31:05,926 [INFO] PluginManager:220 - loadIPPluginJar : add quadspi
2024-06-27 20:31:05,930 [INFO] IPUIPlugin:80 - create IPUIPlugin
2024-06-27 20:31:05,930 [INFO] PluginManager:220 - loadIPPluginJar : add resmgrutility
2024-06-27 20:31:05,932 [INFO] IPUIPlugin:80 - create IPUIPlugin
2024-06-27 20:31:05,932 [INFO] PluginManager:220 - loadIPPluginJar : add sai
2024-06-27 20:31:05,935 [INFO] IPUIPlugin:80 - create IPUIPlugin
2024-06-27 20:31:05,935 [INFO] PluginManager:220 - loadIPPluginJar : add spi
2024-06-27 20:31:05,939 [INFO] IPUIPlugin:80 - create IPUIPlugin
2024-06-27 20:31:05,939 [INFO] PluginManager:220 - loadIPPluginJar : add stm32_wpan
2024-06-27 20:31:05,940 [INFO] IPUIPlugin:80 - create IPUIPlugin
2024-06-27 20:31:05,941 [INFO] PluginManager:220 - loadIPPluginJar : add tim
2024-06-27 20:31:05,943 [INFO] IPUIPlugin:80 - create IPUIPlugin
2024-06-27 20:31:05,944 [INFO] PluginManager:220 - loadIPPluginJar : add touchsensing
2024-06-27 20:31:05,945 [INFO] IPUIPlugin:80 - create IPUIPlugin
2024-06-27 20:31:05,945 [INFO] PluginManager:220 - loadIPPluginJar : add tracer_emb
2024-06-27 20:31:05,947 [INFO] IPUIPlugin:80 - create IPUIPlugin
2024-06-27 20:31:05,947 [INFO] PluginManager:220 - loadIPPluginJar : add ts
2024-06-27 20:31:05,949 [INFO] IPUIPlugin:80 - create IPUIPlugin
2024-06-27 20:31:05,949 [INFO] PluginManager:220 - loadIPPluginJar : add tsc
2024-06-27 20:31:05,950 [INFO] IPUIPlugin:80 - create IPUIPlugin
2024-06-27 20:31:05,951 [INFO] PluginManager:220 - loadIPPluginJar : add ucpd
2024-06-27 20:31:05,953 [INFO] IPUIPlugin:80 - create IPUIPlugin
2024-06-27 20:31:05,953 [INFO] PluginManager:220 - loadIPPluginJar : add usart
2024-06-27 20:31:05,956 [INFO] IPUIPlugin:80 - create IPUIPlugin
2024-06-27 20:31:05,956 [INFO] PluginManager:220 - loadIPPluginJar : add usbx
2024-06-27 20:31:06,080 [INFO] CADModel:165 - CPN selected for project level
2024-06-27 20:31:06,080 [INFO] CADModel:114 - Register for checkConnection events
2024-06-27 20:31:06,080 [FATAL] Updater:308 - Updater called before beeing initialized
2024-06-27 20:31:06,080 [ERROR] CADModel:125 - Updater not yet initialized, retry later 
2024-06-27 20:31:06,177 [INFO] CADModel:165 - CPN selected for project level
2024-06-27 20:31:06,177 [INFO] CADModel:114 - Register for checkConnection events
2024-06-27 20:31:06,177 [FATAL] Updater:308 - Updater called before beeing initialized
2024-06-27 20:31:06,177 [ERROR] CADModel:125 - Updater not yet initialized, retry later 
2024-06-27 20:31:06,180 [FATAL] Updater:308 - Updater called before beeing initialized
2024-06-27 20:31:06,268 [FATAL] Updater:308 - Updater called before beeing initialized
2024-06-27 20:31:06,271 [INFO] DbMcusAds:53 - JSON generation date=Thu May 16 14:52:00 IST 2024 (1715851320852)
2024-06-27 20:31:06,271 [FATAL] Updater:308 - Updater called before beeing initialized
2024-06-27 20:31:06,302 [WARN] DetailPanel:346 - Failed to get advertising image, set to default
2024-06-27 20:31:06,380 [FATAL] Updater:308 - Updater called before beeing initialized
2024-06-27 20:31:06,381 [FATAL] Updater:308 - Updater called before beeing initialized
2024-06-27 20:31:06,381 [FATAL] Updater:308 - Updater called before beeing initialized
2024-06-27 20:31:06,381 [WARN] DetailPanel:346 - Failed to get advertising image, set to default
2024-06-27 20:31:06,382 [FATAL] Updater:308 - Updater called before beeing initialized
2024-06-27 20:31:06,423 [ERROR] Updater:1120 - MainUpdater not yet initialized. External WinMGr cannot be set.
2024-06-27 20:31:06,425 [INFO] Updater:1056 - Updater Version found : 6.11.1
2024-06-27 20:31:06,440 [INFO] ApplicationProperties:184 - Using Application install path: C:\ST\STM32CubeIDE_1.15.1\STM32CubeIDE\plugins\com.st.stm32cube.common.mx_6.11.1.202404110753
2024-06-27 20:31:08,013 [ERROR] LogOutputStream:75 - [STDERR_REDIRECT] Jun 27, 2024 8:31:08 PM java.util.prefs.WindowsPreferences <init>
2024-06-27 20:31:08,014 [ERROR] LogOutputStream:75 - [STDERR_REDIRECT] WARNING: Could not open/create prefs root node Software\JavaSoft\Prefs at root 0xffffffff80000002. Windows RegCreateKeyEx(...) returned error code 5.
2024-06-27 20:31:08,014 [ERROR] LogOutputStream:75 - [STDERR_REDIRECT] 
2024-06-27 20:31:08,429 [INFO] ThirdPartyUpdaterWithRetryManager:70 - Updater plugin not ready yet. [2/15]
2024-06-27 20:31:08,479 [INFO] MainUpdater:2873 - connection check result : 10
2024-06-27 20:31:08,480 [INFO] MainUpdater:290 - Updater Check For Update Now.
2024-06-27 20:31:08,480 [INFO] MicroXplorer:498 - Change Database Version : DB.6.0.111
2024-06-27 20:31:08,487 [INFO] McuFinderGlobals:63 - Set McuFinder mode to 2 (CubeIDE integrated)
2024-06-27 20:31:08,487 [INFO] UserAuth:179 - activating auth plugin
2024-06-27 20:31:08,489 [INFO] UserAuth:415 - Internet connection configuration mode: 1
2024-06-27 20:31:08,501 [INFO] JxBrowserEngine:152 - Initiate JxBrowser Engine with user profile folder
2024-06-27 20:31:08,643 [INFO] CheckServerUpdateThread:120 - End of CheckServer Thread
2024-06-27 20:31:09,080 [INFO] WebApp:161 - Instantiating new browser for Auth
2024-06-27 20:31:09,711 [INFO] WebApp:779 - Register for checkConnection events
2024-06-27 20:31:09,712 [INFO] WebApp:414 - Apply proxy settings
2024-06-27 20:31:09,712 [INFO] WebApp:499 - Chromium requires no authentication
2024-06-27 20:31:09,715 [INFO] WebApp:442 - Direct internet connection detected
2024-06-27 20:31:09,840 [INFO] WebApp:192 - Starting web application
2024-06-27 20:31:09,840 [INFO] WebApp:544 - Web application path used C:\ST\STM32CubeIDE_1.15.1\STM32CubeIDE\plugins\com.st.stm32cube.common.mx_6.11.1.202404110753\db\plugins\mcufinder\reactClient1\index.html
2024-06-27 20:31:11,563 [WARN] PackLoader:240 - Cannot read IP mode file for STMicroelectronics.FP-SNS-FLIGHT1.5.0.2
2024-06-27 20:31:11,575 [WARN] PackLoader:240 - Cannot read IP mode file for STMicroelectronics.X-CUBE-BLE1.7.0.0
2024-06-27 20:31:11,583 [WARN] PackLoader:240 - Cannot read IP mode file for STMicroelectronics.FP-SNS-SMARTAG2.1.2.0
2024-06-27 20:31:11,588 [WARN] PackLoader:240 - Cannot read IP mode file for STMicroelectronics.FP-ATR-SIGFOX1.3.2.0
2024-06-27 20:31:11,593 [WARN] PackLoader:240 - Cannot read IP mode file for STMicroelectronics.FP-ATR-ASTRA1.2.0.0
2024-06-27 20:31:11,594 [INFO] ThirdParty:978 - Integrity check success = true
2024-06-27 20:31:11,594 [INFO] IntegrityCheckThread:100 - exiting critical section [integrity check]
2024-06-27 20:31:11,595 [INFO] IntegrityCheckThread:103 - End integrity checks thread
2024-06-27 20:34:43,890 [ERROR] LogOutputStream:75 - [STDERR_REDIRECT] 
